,subject_num,posture,cursor_type,repetition,target_num,wide,target_size,extra_times_over_target,error
0,23,STAND,HEAD,4,0,SMALL,0.5,2,
1,23,STAND,HEAD,4,0,SMALL,1.0,2,
2,23,STAND,HEAD,4,0,SMALL,1.5,2,
3,23,STAND,HEAD,4,0,SMALL,2.0,1,
4,23,STAND,HEAD,4,0,SMALL,2.5,1,
5,23,STAND,HEAD,4,0,SMALL,3.0,1,
6,23,STAND,HEAD,4,0,SMALL,3.5,1,
7,23,STAND,HEAD,4,0,SMALL,4.0,1,
8,23,STAND,HEAD,4,1,SMALL,0.5,2,
9,23,STAND,HEAD,4,1,SMALL,1.0,1,
10,23,STAND,HEAD,4,1,SMALL,1.5,1,
11,23,STAND,HEAD,4,1,SMALL,2.0,1,
12,23,STAND,HEAD,4,1,SMALL,2.5,1,
13,23,STAND,HEAD,4,1,SMALL,3.0,1,
14,23,STAND,HEAD,4,1,SMALL,3.5,1,
15,23,STAND,HEAD,4,1,SMALL,4.0,1,
16,23,STAND,HEAD,4,2,SMALL,0.5,2,
17,23,STAND,HEAD,4,2,SMALL,1.0,1,
18,23,STAND,HEAD,4,2,SMALL,1.5,1,
19,23,STAND,HEAD,4,2,SMALL,2.0,1,
20,23,STAND,HEAD,4,2,SMALL,2.5,1,
21,23,STAND,HEAD,4,2,SMALL,3.0,1,
22,23,STAND,HEAD,4,2,SMALL,3.5,1,
23,23,STAND,HEAD,4,2,SMALL,4.0,1,
24,23,STAND,HEAD,4,3,SMALL,0.5,2,
25,23,STAND,HEAD,4,3,SMALL,1.0,1,
26,23,STAND,HEAD,4,3,SMALL,1.5,1,
27,23,STAND,HEAD,4,3,SMALL,2.0,1,
28,23,STAND,HEAD,4,3,SMALL,2.5,1,
29,23,STAND,HEAD,4,3,SMALL,3.0,1,
30,23,STAND,HEAD,4,3,SMALL,3.5,1,
31,23,STAND,HEAD,4,3,SMALL,4.0,1,
32,23,STAND,HEAD,4,4,SMALL,0.5,1,
33,23,STAND,HEAD,4,4,SMALL,1.0,1,
34,23,STAND,HEAD,4,4,SMALL,1.5,1,
35,23,STAND,HEAD,4,4,SMALL,2.0,1,
36,23,STAND,HEAD,4,4,SMALL,2.5,1,
37,23,STAND,HEAD,4,4,SMALL,3.0,1,
38,23,STAND,HEAD,4,4,SMALL,3.5,1,
39,23,STAND,HEAD,4,4,SMALL,4.0,1,
40,23,STAND,HEAD,4,5,SMALL,0.5,3,
41,23,STAND,HEAD,4,5,SMALL,1.0,1,
42,23,STAND,HEAD,4,5,SMALL,1.5,1,
43,23,STAND,HEAD,4,5,SMALL,2.0,1,
44,23,STAND,HEAD,4,5,SMALL,2.5,1,
45,23,STAND,HEAD,4,5,SMALL,3.0,1,
46,23,STAND,HEAD,4,5,SMALL,3.5,1,
47,23,STAND,HEAD,4,5,SMALL,4.0,1,
48,23,STAND,HEAD,4,6,SMALL,0.5,1,
49,23,STAND,HEAD,4,6,SMALL,1.0,1,
50,23,STAND,HEAD,4,6,SMALL,1.5,1,
51,23,STAND,HEAD,4,6,SMALL,2.0,2,
52,23,STAND,HEAD,4,6,SMALL,2.5,1,
53,23,STAND,HEAD,4,6,SMALL,3.0,1,
54,23,STAND,HEAD,4,6,SMALL,3.5,1,
55,23,STAND,HEAD,4,6,SMALL,4.0,1,
56,23,STAND,HEAD,4,7,SMALL,0.5,2,
57,23,STAND,HEAD,4,7,SMALL,1.0,2,
58,23,STAND,HEAD,4,7,SMALL,1.5,2,
59,23,STAND,HEAD,4,7,SMALL,2.0,1,
60,23,STAND,HEAD,4,7,SMALL,2.5,1,
61,23,STAND,HEAD,4,7,SMALL,3.0,1,
62,23,STAND,HEAD,4,7,SMALL,3.5,1,
63,23,STAND,HEAD,4,7,SMALL,4.0,1,
64,23,STAND,HEAD,4,8,SMALL,0.5,2,
65,23,STAND,HEAD,4,8,SMALL,1.0,1,
66,23,STAND,HEAD,4,8,SMALL,1.5,1,
67,23,STAND,HEAD,4,8,SMALL,2.0,1,
68,23,STAND,HEAD,4,8,SMALL,2.5,1,
69,23,STAND,HEAD,4,8,SMALL,3.0,1,
70,23,STAND,HEAD,4,8,SMALL,3.5,1,
71,23,STAND,HEAD,4,8,SMALL,4.0,1,
72,23,WALK,HEAD,4,0,SMALL,0.5,3,
73,23,WALK,HEAD,4,0,SMALL,1.0,10,
74,23,WALK,HEAD,4,0,SMALL,1.5,10,
75,23,WALK,HEAD,4,0,SMALL,2.0,12,
76,23,WALK,HEAD,4,0,SMALL,2.5,8,
77,23,WALK,HEAD,4,0,SMALL,3.0,6,
78,23,WALK,HEAD,4,0,SMALL,3.5,6,
79,23,WALK,HEAD,4,0,SMALL,4.0,4,
80,23,WALK,HEAD,4,1,SMALL,0.5,6,
81,23,WALK,HEAD,4,1,SMALL,1.0,9,
82,23,WALK,HEAD,4,1,SMALL,1.5,9,
83,23,WALK,HEAD,4,1,SMALL,2.0,6,
84,23,WALK,HEAD,4,1,SMALL,2.5,8,
85,23,WALK,HEAD,4,1,SMALL,3.0,6,
86,23,WALK,HEAD,4,1,SMALL,3.5,5,
87,23,WALK,HEAD,4,1,SMALL,4.0,4,
88,23,WALK,HEAD,4,2,SMALL,0.5,1,
89,23,WALK,HEAD,4,2,SMALL,1.0,3,
90,23,WALK,HEAD,4,2,SMALL,1.5,10,
91,23,WALK,HEAD,4,2,SMALL,2.0,9,
92,23,WALK,HEAD,4,2,SMALL,2.5,6,
93,23,WALK,HEAD,4,2,SMALL,3.0,5,
94,23,WALK,HEAD,4,2,SMALL,3.5,4,
95,23,WALK,HEAD,4,2,SMALL,4.0,4,
96,23,WALK,HEAD,4,3,SMALL,0.5,1,
97,23,WALK,HEAD,4,3,SMALL,1.0,4,
98,23,WALK,HEAD,4,3,SMALL,1.5,6,
99,23,WALK,HEAD,4,3,SMALL,2.0,10,
100,23,WALK,HEAD,4,3,SMALL,2.5,10,
101,23,WALK,HEAD,4,3,SMALL,3.0,8,
102,23,WALK,HEAD,4,3,SMALL,3.5,6,
103,23,WALK,HEAD,4,3,SMALL,4.0,3,
104,23,WALK,HEAD,4,4,SMALL,0.5,3,
105,23,WALK,HEAD,4,4,SMALL,1.0,4,
106,23,WALK,HEAD,4,4,SMALL,1.5,5,
107,23,WALK,HEAD,4,4,SMALL,2.0,9,
108,23,WALK,HEAD,4,4,SMALL,2.5,10,
109,23,WALK,HEAD,4,4,SMALL,3.0,9,
110,23,WALK,HEAD,4,4,SMALL,3.5,5,
111,23,WALK,HEAD,4,4,SMALL,4.0,3,
112,23,WALK,HEAD,4,5,SMALL,0.5,4,
113,23,WALK,HEAD,4,5,SMALL,1.0,10,
114,23,WALK,HEAD,4,5,SMALL,1.5,9,
115,23,WALK,HEAD,4,5,SMALL,2.0,8,
116,23,WALK,HEAD,4,5,SMALL,2.5,5,
117,23,WALK,HEAD,4,5,SMALL,3.0,5,
118,23,WALK,HEAD,4,5,SMALL,3.5,3,
119,23,WALK,HEAD,4,5,SMALL,4.0,2,
120,23,WALK,HEAD,4,6,SMALL,0.5,0,
121,23,WALK,HEAD,4,6,SMALL,1.0,3,
122,23,WALK,HEAD,4,6,SMALL,1.5,4,
123,23,WALK,HEAD,4,6,SMALL,2.0,9,
124,23,WALK,HEAD,4,6,SMALL,2.5,9,
125,23,WALK,HEAD,4,6,SMALL,3.0,7,
126,23,WALK,HEAD,4,6,SMALL,3.5,5,
127,23,WALK,HEAD,4,6,SMALL,4.0,7,
128,23,WALK,HEAD,4,7,SMALL,0.5,3,
129,23,WALK,HEAD,4,7,SMALL,1.0,7,
130,23,WALK,HEAD,4,7,SMALL,1.5,8,
131,23,WALK,HEAD,4,7,SMALL,2.0,9,
132,23,WALK,HEAD,4,7,SMALL,2.5,8,
133,23,WALK,HEAD,4,7,SMALL,3.0,6,
134,23,WALK,HEAD,4,7,SMALL,3.5,6,
135,23,WALK,HEAD,4,7,SMALL,4.0,6,
136,23,WALK,HEAD,4,8,SMALL,0.5,6,
137,23,WALK,HEAD,4,8,SMALL,1.0,10,
138,23,WALK,HEAD,4,8,SMALL,1.5,11,
139,23,WALK,HEAD,4,8,SMALL,2.0,10,
140,23,WALK,HEAD,4,8,SMALL,2.5,9,
141,23,WALK,HEAD,4,8,SMALL,3.0,7,
142,23,WALK,HEAD,4,8,SMALL,3.5,4,
143,23,WALK,HEAD,4,8,SMALL,4.0,3,
144,23,STAND,HEAD,5,0,LARGE,0.5,1,
145,23,STAND,HEAD,5,0,LARGE,1.0,3,
146,23,STAND,HEAD,5,0,LARGE,1.5,2,
147,23,STAND,HEAD,5,0,LARGE,2.0,1,
148,23,STAND,HEAD,5,0,LARGE,2.5,1,
149,23,STAND,HEAD,5,0,LARGE,3.0,1,
150,23,STAND,HEAD,5,0,LARGE,3.5,1,
151,23,STAND,HEAD,5,0,LARGE,4.0,1,
152,23,STAND,HEAD,5,1,LARGE,0.5,1,
153,23,STAND,HEAD,5,1,LARGE,1.0,1,
154,23,STAND,HEAD,5,1,LARGE,1.5,1,
155,23,STAND,HEAD,5,1,LARGE,2.0,1,
156,23,STAND,HEAD,5,1,LARGE,2.5,1,
157,23,STAND,HEAD,5,1,LARGE,3.0,1,
158,23,STAND,HEAD,5,1,LARGE,3.5,1,
159,23,STAND,HEAD,5,1,LARGE,4.0,1,
160,23,STAND,HEAD,5,2,LARGE,0.5,2,
161,23,STAND,HEAD,5,2,LARGE,1.0,1,
162,23,STAND,HEAD,5,2,LARGE,1.5,1,
163,23,STAND,HEAD,5,2,LARGE,2.0,1,
164,23,STAND,HEAD,5,2,LARGE,2.5,1,
165,23,STAND,HEAD,5,2,LARGE,3.0,1,
166,23,STAND,HEAD,5,2,LARGE,3.5,1,
167,23,STAND,HEAD,5,2,LARGE,4.0,1,
168,23,STAND,HEAD,5,3,LARGE,0.5,2,
169,23,STAND,HEAD,5,3,LARGE,1.0,1,
170,23,STAND,HEAD,5,3,LARGE,1.5,1,
171,23,STAND,HEAD,5,3,LARGE,2.0,1,
172,23,STAND,HEAD,5,3,LARGE,2.5,1,
173,23,STAND,HEAD,5,3,LARGE,3.0,1,
174,23,STAND,HEAD,5,3,LARGE,3.5,1,
175,23,STAND,HEAD,5,3,LARGE,4.0,1,
176,23,STAND,HEAD,5,4,LARGE,0.5,2,
177,23,STAND,HEAD,5,4,LARGE,1.0,2,
178,23,STAND,HEAD,5,4,LARGE,1.5,1,
179,23,STAND,HEAD,5,4,LARGE,2.0,1,
180,23,STAND,HEAD,5,4,LARGE,2.5,1,
181,23,STAND,HEAD,5,4,LARGE,3.0,1,
182,23,STAND,HEAD,5,4,LARGE,3.5,1,
183,23,STAND,HEAD,5,4,LARGE,4.0,1,
184,23,STAND,HEAD,5,5,LARGE,0.5,2,
185,23,STAND,HEAD,5,5,LARGE,1.0,2,
186,23,STAND,HEAD,5,5,LARGE,1.5,1,
187,23,STAND,HEAD,5,5,LARGE,2.0,1,
188,23,STAND,HEAD,5,5,LARGE,2.5,1,
189,23,STAND,HEAD,5,5,LARGE,3.0,1,
190,23,STAND,HEAD,5,5,LARGE,3.5,1,
191,23,STAND,HEAD,5,5,LARGE,4.0,1,
192,23,STAND,HEAD,5,6,LARGE,0.5,3,
193,23,STAND,HEAD,5,6,LARGE,1.0,1,
194,23,STAND,HEAD,5,6,LARGE,1.5,1,
195,23,STAND,HEAD,5,6,LARGE,2.0,1,
196,23,STAND,HEAD,5,6,LARGE,2.5,1,
197,23,STAND,HEAD,5,6,LARGE,3.0,1,
198,23,STAND,HEAD,5,6,LARGE,3.5,1,
199,23,STAND,HEAD,5,6,LARGE,4.0,1,
200,23,STAND,HEAD,5,7,LARGE,0.5,3,
201,23,STAND,HEAD,5,7,LARGE,1.0,2,
202,23,STAND,HEAD,5,7,LARGE,1.5,1,
203,23,STAND,HEAD,5,7,LARGE,2.0,1,
204,23,STAND,HEAD,5,7,LARGE,2.5,1,
205,23,STAND,HEAD,5,7,LARGE,3.0,1,
206,23,STAND,HEAD,5,7,LARGE,3.5,1,
207,23,STAND,HEAD,5,7,LARGE,4.0,1,
208,23,STAND,HEAD,5,8,LARGE,0.5,1,
209,23,STAND,HEAD,5,8,LARGE,1.0,2,
210,23,STAND,HEAD,5,8,LARGE,1.5,1,
211,23,STAND,HEAD,5,8,LARGE,2.0,1,
212,23,STAND,HEAD,5,8,LARGE,2.5,1,
213,23,STAND,HEAD,5,8,LARGE,3.0,1,
214,23,STAND,HEAD,5,8,LARGE,3.5,1,
215,23,STAND,HEAD,5,8,LARGE,4.0,1,
216,23,WALK,HEAD,5,0,LARGE,0.5,7,
217,23,WALK,HEAD,5,0,LARGE,1.0,8,
218,23,WALK,HEAD,5,0,LARGE,1.5,8,
219,23,WALK,HEAD,5,0,LARGE,2.0,9,
220,23,WALK,HEAD,5,0,LARGE,2.5,9,
221,23,WALK,HEAD,5,0,LARGE,3.0,8,
222,23,WALK,HEAD,5,0,LARGE,3.5,7,
223,23,WALK,HEAD,5,0,LARGE,4.0,6,
224,23,WALK,HEAD,5,1,LARGE,0.5,6,
225,23,WALK,HEAD,5,1,LARGE,1.0,8,
226,23,WALK,HEAD,5,1,LARGE,1.5,9,
227,23,WALK,HEAD,5,1,LARGE,2.0,6,
228,23,WALK,HEAD,5,1,LARGE,2.5,9,
229,23,WALK,HEAD,5,1,LARGE,3.0,7,
230,23,WALK,HEAD,5,1,LARGE,3.5,4,
231,23,WALK,HEAD,5,1,LARGE,4.0,3,
232,23,WALK,HEAD,5,2,LARGE,0.5,8,
233,23,WALK,HEAD,5,2,LARGE,1.0,9,
234,23,WALK,HEAD,5,2,LARGE,1.5,11,
235,23,WALK,HEAD,5,2,LARGE,2.0,9,
236,23,WALK,HEAD,5,2,LARGE,2.5,7,
237,23,WALK,HEAD,5,2,LARGE,3.0,4,
238,23,WALK,HEAD,5,2,LARGE,3.5,3,
239,23,WALK,HEAD,5,2,LARGE,4.0,2,
240,23,WALK,HEAD,5,3,LARGE,0.5,5,
241,23,WALK,HEAD,5,3,LARGE,1.0,8,
242,23,WALK,HEAD,5,3,LARGE,1.5,8,
243,23,WALK,HEAD,5,3,LARGE,2.0,10,
244,23,WALK,HEAD,5,3,LARGE,2.5,8,
245,23,WALK,HEAD,5,3,LARGE,3.0,7,
246,23,WALK,HEAD,5,3,LARGE,3.5,6,
247,23,WALK,HEAD,5,3,LARGE,4.0,7,
248,23,WALK,HEAD,5,4,LARGE,0.5,4,
249,23,WALK,HEAD,5,4,LARGE,1.0,7,
250,23,WALK,HEAD,5,4,LARGE,1.5,8,
251,23,WALK,HEAD,5,4,LARGE,2.0,10,
252,23,WALK,HEAD,5,4,LARGE,2.5,9,
253,23,WALK,HEAD,5,4,LARGE,3.0,7,
254,23,WALK,HEAD,5,4,LARGE,3.5,5,
255,23,WALK,HEAD,5,4,LARGE,4.0,4,
256,23,WALK,HEAD,5,5,LARGE,0.5,3,
257,23,WALK,HEAD,5,5,LARGE,1.0,7,
258,23,WALK,HEAD,5,5,LARGE,1.5,11,
259,23,WALK,HEAD,5,5,LARGE,2.0,12,
260,23,WALK,HEAD,5,5,LARGE,2.5,8,
261,23,WALK,HEAD,5,5,LARGE,3.0,5,
262,23,WALK,HEAD,5,5,LARGE,3.5,4,
263,23,WALK,HEAD,5,5,LARGE,4.0,2,
264,23,WALK,HEAD,5,6,LARGE,0.5,3,
265,23,WALK,HEAD,5,6,LARGE,1.0,6,
266,23,WALK,HEAD,5,6,LARGE,1.5,6,
267,23,WALK,HEAD,5,6,LARGE,2.0,11,
268,23,WALK,HEAD,5,6,LARGE,2.5,11,
269,23,WALK,HEAD,5,6,LARGE,3.0,9,
270,23,WALK,HEAD,5,6,LARGE,3.5,6,
271,23,WALK,HEAD,5,6,LARGE,4.0,4,
272,23,WALK,HEAD,5,7,LARGE,0.5,6,
273,23,WALK,HEAD,5,7,LARGE,1.0,7,
274,23,WALK,HEAD,5,7,LARGE,1.5,11,
275,23,WALK,HEAD,5,7,LARGE,2.0,10,
276,23,WALK,HEAD,5,7,LARGE,2.5,4,
277,23,WALK,HEAD,5,7,LARGE,3.0,3,
278,23,WALK,HEAD,5,7,LARGE,3.5,3,
279,23,WALK,HEAD,5,7,LARGE,4.0,1,
280,23,WALK,HEAD,5,8,LARGE,0.5,3,
281,23,WALK,HEAD,5,8,LARGE,1.0,9,
282,23,WALK,HEAD,5,8,LARGE,1.5,11,
283,23,WALK,HEAD,5,8,LARGE,2.0,9,
284,23,WALK,HEAD,5,8,LARGE,2.5,5,
285,23,WALK,HEAD,5,8,LARGE,3.0,8,
286,23,WALK,HEAD,5,8,LARGE,3.5,5,
287,23,WALK,HEAD,5,8,LARGE,4.0,3,
288,23,STAND,HEAD,6,0,SMALL,0.5,2,
289,23,STAND,HEAD,6,0,SMALL,1.0,2,
290,23,STAND,HEAD,6,0,SMALL,1.5,2,
291,23,STAND,HEAD,6,0,SMALL,2.0,2,
292,23,STAND,HEAD,6,0,SMALL,2.5,1,
293,23,STAND,HEAD,6,0,SMALL,3.0,1,
294,23,STAND,HEAD,6,0,SMALL,3.5,1,
295,23,STAND,HEAD,6,0,SMALL,4.0,1,
296,23,STAND,HEAD,6,1,SMALL,0.5,1,
297,23,STAND,HEAD,6,1,SMALL,1.0,1,
298,23,STAND,HEAD,6,1,SMALL,1.5,1,
299,23,STAND,HEAD,6,1,SMALL,2.0,1,
300,23,STAND,HEAD,6,1,SMALL,2.5,1,
301,23,STAND,HEAD,6,1,SMALL,3.0,1,
302,23,STAND,HEAD,6,1,SMALL,3.5,1,
303,23,STAND,HEAD,6,1,SMALL,4.0,1,
304,23,STAND,HEAD,6,2,SMALL,0.5,2,
305,23,STAND,HEAD,6,2,SMALL,1.0,1,
306,23,STAND,HEAD,6,2,SMALL,1.5,1,
307,23,STAND,HEAD,6,2,SMALL,2.0,1,
308,23,STAND,HEAD,6,2,SMALL,2.5,1,
309,23,STAND,HEAD,6,2,SMALL,3.0,1,
310,23,STAND,HEAD,6,2,SMALL,3.5,1,
311,23,STAND,HEAD,6,2,SMALL,4.0,1,
312,23,STAND,HEAD,6,3,SMALL,0.5,1,
313,23,STAND,HEAD,6,3,SMALL,1.0,2,
314,23,STAND,HEAD,6,3,SMALL,1.5,2,
315,23,STAND,HEAD,6,3,SMALL,2.0,1,
316,23,STAND,HEAD,6,3,SMALL,2.5,1,
317,23,STAND,HEAD,6,3,SMALL,3.0,1,
318,23,STAND,HEAD,6,3,SMALL,3.5,1,
319,23,STAND,HEAD,6,3,SMALL,4.0,1,
320,23,STAND,HEAD,6,4,SMALL,0.5,2,
321,23,STAND,HEAD,6,4,SMALL,1.0,2,
322,23,STAND,HEAD,6,4,SMALL,1.5,1,
323,23,STAND,HEAD,6,4,SMALL,2.0,1,
324,23,STAND,HEAD,6,4,SMALL,2.5,1,
325,23,STAND,HEAD,6,4,SMALL,3.0,1,
326,23,STAND,HEAD,6,4,SMALL,3.5,1,
327,23,STAND,HEAD,6,4,SMALL,4.0,1,
328,23,STAND,HEAD,6,5,SMALL,0.5,3,
329,23,STAND,HEAD,6,5,SMALL,1.0,1,
330,23,STAND,HEAD,6,5,SMALL,1.5,1,
331,23,STAND,HEAD,6,5,SMALL,2.0,1,
332,23,STAND,HEAD,6,5,SMALL,2.5,1,
333,23,STAND,HEAD,6,5,SMALL,3.0,1,
334,23,STAND,HEAD,6,5,SMALL,3.5,1,
335,23,STAND,HEAD,6,5,SMALL,4.0,1,
336,23,STAND,HEAD,6,6,SMALL,0.5,1,
337,23,STAND,HEAD,6,6,SMALL,1.0,1,
338,23,STAND,HEAD,6,6,SMALL,1.5,1,
339,23,STAND,HEAD,6,6,SMALL,2.0,1,
340,23,STAND,HEAD,6,6,SMALL,2.5,1,
341,23,STAND,HEAD,6,6,SMALL,3.0,1,
342,23,STAND,HEAD,6,6,SMALL,3.5,1,
343,23,STAND,HEAD,6,6,SMALL,4.0,1,
344,23,STAND,HEAD,6,7,SMALL,0.5,2,
345,23,STAND,HEAD,6,7,SMALL,1.0,2,
346,23,STAND,HEAD,6,7,SMALL,1.5,2,
347,23,STAND,HEAD,6,7,SMALL,2.0,2,
348,23,STAND,HEAD,6,7,SMALL,2.5,1,
349,23,STAND,HEAD,6,7,SMALL,3.0,1,
350,23,STAND,HEAD,6,7,SMALL,3.5,1,
351,23,STAND,HEAD,6,7,SMALL,4.0,1,
352,23,STAND,HEAD,6,8,SMALL,0.5,1,
353,23,STAND,HEAD,6,8,SMALL,1.0,1,
354,23,STAND,HEAD,6,8,SMALL,1.5,1,
355,23,STAND,HEAD,6,8,SMALL,2.0,1,
356,23,STAND,HEAD,6,8,SMALL,2.5,1,
357,23,STAND,HEAD,6,8,SMALL,3.0,1,
358,23,STAND,HEAD,6,8,SMALL,3.5,1,
359,23,STAND,HEAD,6,8,SMALL,4.0,1,
360,23,WALK,HEAD,6,0,SMALL,0.5,6,
361,23,WALK,HEAD,6,0,SMALL,1.0,9,
362,23,WALK,HEAD,6,0,SMALL,1.5,8,
363,23,WALK,HEAD,6,0,SMALL,2.0,10,
364,23,WALK,HEAD,6,0,SMALL,2.5,7,
365,23,WALK,HEAD,6,0,SMALL,3.0,6,
366,23,WALK,HEAD,6,0,SMALL,3.5,7,
367,23,WALK,HEAD,6,0,SMALL,4.0,4,
368,23,WALK,HEAD,6,1,SMALL,0.5,7,
369,23,WALK,HEAD,6,1,SMALL,1.0,11,
370,23,WALK,HEAD,6,1,SMALL,1.5,11,
371,23,WALK,HEAD,6,1,SMALL,2.0,8,
372,23,WALK,HEAD,6,1,SMALL,2.5,8,
373,23,WALK,HEAD,6,1,SMALL,3.0,6,
374,23,WALK,HEAD,6,1,SMALL,3.5,5,
375,23,WALK,HEAD,6,1,SMALL,4.0,5,
376,23,WALK,HEAD,6,2,SMALL,0.5,3,
377,23,WALK,HEAD,6,2,SMALL,1.0,6,
378,23,WALK,HEAD,6,2,SMALL,1.5,5,
379,23,WALK,HEAD,6,2,SMALL,2.0,7,
380,23,WALK,HEAD,6,2,SMALL,2.5,8,
381,23,WALK,HEAD,6,2,SMALL,3.0,6,
382,23,WALK,HEAD,6,2,SMALL,3.5,5,
383,23,WALK,HEAD,6,2,SMALL,4.0,5,
384,23,WALK,HEAD,6,3,SMALL,0.5,3,
385,23,WALK,HEAD,6,3,SMALL,1.0,8,
386,23,WALK,HEAD,6,3,SMALL,1.5,7,
387,23,WALK,HEAD,6,3,SMALL,2.0,8,
388,23,WALK,HEAD,6,3,SMALL,2.5,8,
389,23,WALK,HEAD,6,3,SMALL,3.0,11,
390,23,WALK,HEAD,6,3,SMALL,3.5,9,
391,23,WALK,HEAD,6,3,SMALL,4.0,5,
392,23,WALK,HEAD,6,4,SMALL,0.5,2,
393,23,WALK,HEAD,6,4,SMALL,1.0,4,
394,23,WALK,HEAD,6,4,SMALL,1.5,7,
395,23,WALK,HEAD,6,4,SMALL,2.0,10,
396,23,WALK,HEAD,6,4,SMALL,2.5,6,
397,23,WALK,HEAD,6,4,SMALL,3.0,6,
398,23,WALK,HEAD,6,4,SMALL,3.5,4,
399,23,WALK,HEAD,6,4,SMALL,4.0,3,
400,23,WALK,HEAD,6,5,SMALL,0.5,2,
401,23,WALK,HEAD,6,5,SMALL,1.0,5,
402,23,WALK,HEAD,6,5,SMALL,1.5,9,
403,23,WALK,HEAD,6,5,SMALL,2.0,10,
404,23,WALK,HEAD,6,5,SMALL,2.5,9,
405,23,WALK,HEAD,6,5,SMALL,3.0,11,
406,23,WALK,HEAD,6,5,SMALL,3.5,7,
407,23,WALK,HEAD,6,5,SMALL,4.0,4,
408,23,WALK,HEAD,6,6,SMALL,0.5,7,
409,23,WALK,HEAD,6,6,SMALL,1.0,7,
410,23,WALK,HEAD,6,6,SMALL,1.5,9,
411,23,WALK,HEAD,6,6,SMALL,2.0,7,
412,23,WALK,HEAD,6,6,SMALL,2.5,7,
413,23,WALK,HEAD,6,6,SMALL,3.0,6,
414,23,WALK,HEAD,6,6,SMALL,3.5,4,
415,23,WALK,HEAD,6,6,SMALL,4.0,3,
416,23,WALK,HEAD,6,7,SMALL,0.5,5,
417,23,WALK,HEAD,6,7,SMALL,1.0,5,
418,23,WALK,HEAD,6,7,SMALL,1.5,6,
419,23,WALK,HEAD,6,7,SMALL,2.0,5,
420,23,WALK,HEAD,6,7,SMALL,2.5,6,
421,23,WALK,HEAD,6,7,SMALL,3.0,7,
422,23,WALK,HEAD,6,7,SMALL,3.5,7,
423,23,WALK,HEAD,6,7,SMALL,4.0,7,
424,23,WALK,HEAD,6,8,SMALL,0.5,8,
425,23,WALK,HEAD,6,8,SMALL,1.0,12,
426,23,WALK,HEAD,6,8,SMALL,1.5,14,
427,23,WALK,HEAD,6,8,SMALL,2.0,8,
428,23,WALK,HEAD,6,8,SMALL,2.5,5,
429,23,WALK,HEAD,6,8,SMALL,3.0,3,
430,23,WALK,HEAD,6,8,SMALL,3.5,2,
431,23,WALK,HEAD,6,8,SMALL,4.0,1,
432,23,STAND,HEAD,7,0,LARGE,0.5,1,
433,23,STAND,HEAD,7,0,LARGE,1.0,3,
434,23,STAND,HEAD,7,0,LARGE,1.5,1,
435,23,STAND,HEAD,7,0,LARGE,2.0,1,
436,23,STAND,HEAD,7,0,LARGE,2.5,1,
437,23,STAND,HEAD,7,0,LARGE,3.0,1,
438,23,STAND,HEAD,7,0,LARGE,3.5,1,
439,23,STAND,HEAD,7,0,LARGE,4.0,1,
440,23,STAND,HEAD,7,1,LARGE,0.5,2,
441,23,STAND,HEAD,7,1,LARGE,1.0,1,
442,23,STAND,HEAD,7,1,LARGE,1.5,1,
443,23,STAND,HEAD,7,1,LARGE,2.0,1,
444,23,STAND,HEAD,7,1,LARGE,2.5,1,
445,23,STAND,HEAD,7,1,LARGE,3.0,1,
446,23,STAND,HEAD,7,1,LARGE,3.5,1,
447,23,STAND,HEAD,7,1,LARGE,4.0,1,
448,23,STAND,HEAD,7,2,LARGE,0.5,1,
449,23,STAND,HEAD,7,2,LARGE,1.0,1,
450,23,STAND,HEAD,7,2,LARGE,1.5,1,
451,23,STAND,HEAD,7,2,LARGE,2.0,1,
452,23,STAND,HEAD,7,2,LARGE,2.5,1,
453,23,STAND,HEAD,7,2,LARGE,3.0,1,
454,23,STAND,HEAD,7,2,LARGE,3.5,1,
455,23,STAND,HEAD,7,2,LARGE,4.0,1,
456,23,STAND,HEAD,7,3,LARGE,0.5,1,
457,23,STAND,HEAD,7,3,LARGE,1.0,1,
458,23,STAND,HEAD,7,3,LARGE,1.5,1,
459,23,STAND,HEAD,7,3,LARGE,2.0,1,
460,23,STAND,HEAD,7,3,LARGE,2.5,1,
461,23,STAND,HEAD,7,3,LARGE,3.0,1,
462,23,STAND,HEAD,7,3,LARGE,3.5,1,
463,23,STAND,HEAD,7,3,LARGE,4.0,1,
464,23,STAND,HEAD,7,4,LARGE,0.5,2,
465,23,STAND,HEAD,7,4,LARGE,1.0,1,
466,23,STAND,HEAD,7,4,LARGE,1.5,1,
467,23,STAND,HEAD,7,4,LARGE,2.0,2,
468,23,STAND,HEAD,7,4,LARGE,2.5,1,
469,23,STAND,HEAD,7,4,LARGE,3.0,1,
470,23,STAND,HEAD,7,4,LARGE,3.5,1,
471,23,STAND,HEAD,7,4,LARGE,4.0,1,
472,23,STAND,HEAD,7,5,LARGE,0.5,2,
473,23,STAND,HEAD,7,5,LARGE,1.0,2,
474,23,STAND,HEAD,7,5,LARGE,1.5,1,
475,23,STAND,HEAD,7,5,LARGE,2.0,1,
476,23,STAND,HEAD,7,5,LARGE,2.5,1,
477,23,STAND,HEAD,7,5,LARGE,3.0,1,
478,23,STAND,HEAD,7,5,LARGE,3.5,1,
479,23,STAND,HEAD,7,5,LARGE,4.0,1,
480,23,STAND,HEAD,7,6,LARGE,0.5,3,
481,23,STAND,HEAD,7,6,LARGE,1.0,2,
482,23,STAND,HEAD,7,6,LARGE,1.5,1,
483,23,STAND,HEAD,7,6,LARGE,2.0,1,
484,23,STAND,HEAD,7,6,LARGE,2.5,1,
485,23,STAND,HEAD,7,6,LARGE,3.0,1,
486,23,STAND,HEAD,7,6,LARGE,3.5,1,
487,23,STAND,HEAD,7,6,LARGE,4.0,1,
488,23,STAND,HEAD,7,7,LARGE,0.5,0,
489,23,STAND,HEAD,7,7,LARGE,1.0,1,
490,23,STAND,HEAD,7,7,LARGE,1.5,1,
491,23,STAND,HEAD,7,7,LARGE,2.0,1,
492,23,STAND,HEAD,7,7,LARGE,2.5,1,
493,23,STAND,HEAD,7,7,LARGE,3.0,1,
494,23,STAND,HEAD,7,7,LARGE,3.5,1,
495,23,STAND,HEAD,7,7,LARGE,4.0,1,
496,23,STAND,HEAD,7,8,LARGE,0.5,2,
497,23,STAND,HEAD,7,8,LARGE,1.0,1,
498,23,STAND,HEAD,7,8,LARGE,1.5,1,
499,23,STAND,HEAD,7,8,LARGE,2.0,1,
500,23,STAND,HEAD,7,8,LARGE,2.5,1,
501,23,STAND,HEAD,7,8,LARGE,3.0,1,
502,23,STAND,HEAD,7,8,LARGE,3.5,1,
503,23,STAND,HEAD,7,8,LARGE,4.0,1,
504,23,WALK,HEAD,7,0,LARGE,0.5,5,
505,23,WALK,HEAD,7,0,LARGE,1.0,6,
506,23,WALK,HEAD,7,0,LARGE,1.5,6,
507,23,WALK,HEAD,7,0,LARGE,2.0,7,
508,23,WALK,HEAD,7,0,LARGE,2.5,7,
509,23,WALK,HEAD,7,0,LARGE,3.0,8,
510,23,WALK,HEAD,7,0,LARGE,3.5,7,
511,23,WALK,HEAD,7,0,LARGE,4.0,7,
512,23,WALK,HEAD,7,1,LARGE,0.5,1,
513,23,WALK,HEAD,7,1,LARGE,1.0,6,
514,23,WALK,HEAD,7,1,LARGE,1.5,8,
515,23,WALK,HEAD,7,1,LARGE,2.0,13,
516,23,WALK,HEAD,7,1,LARGE,2.5,11,
517,23,WALK,HEAD,7,1,LARGE,3.0,10,
518,23,WALK,HEAD,7,1,LARGE,3.5,7,
519,23,WALK,HEAD,7,1,LARGE,4.0,5,
520,23,WALK,HEAD,7,2,LARGE,0.5,5,
521,23,WALK,HEAD,7,2,LARGE,1.0,9,
522,23,WALK,HEAD,7,2,LARGE,1.5,8,
523,23,WALK,HEAD,7,2,LARGE,2.0,8,
524,23,WALK,HEAD,7,2,LARGE,2.5,7,
525,23,WALK,HEAD,7,2,LARGE,3.0,5,
526,23,WALK,HEAD,7,2,LARGE,3.5,5,
527,23,WALK,HEAD,7,2,LARGE,4.0,4,
528,23,WALK,HEAD,7,3,LARGE,0.5,3,
529,23,WALK,HEAD,7,3,LARGE,1.0,6,
530,23,WALK,HEAD,7,3,LARGE,1.5,7,
531,23,WALK,HEAD,7,3,LARGE,2.0,7,
532,23,WALK,HEAD,7,3,LARGE,2.5,8,
533,23,WALK,HEAD,7,3,LARGE,3.0,8,
534,23,WALK,HEAD,7,3,LARGE,3.5,7,
535,23,WALK,HEAD,7,3,LARGE,4.0,7,
536,23,WALK,HEAD,7,4,LARGE,0.5,4,
537,23,WALK,HEAD,7,4,LARGE,1.0,7,
538,23,WALK,HEAD,7,4,LARGE,1.5,9,
539,23,WALK,HEAD,7,4,LARGE,2.0,10,
540,23,WALK,HEAD,7,4,LARGE,2.5,7,
541,23,WALK,HEAD,7,4,LARGE,3.0,8,
542,23,WALK,HEAD,7,4,LARGE,3.5,7,
543,23,WALK,HEAD,7,4,LARGE,4.0,5,
544,23,WALK,HEAD,7,5,LARGE,0.5,0,
545,23,WALK,HEAD,7,5,LARGE,1.0,1,
546,23,WALK,HEAD,7,5,LARGE,1.5,9,
547,23,WALK,HEAD,7,5,LARGE,2.0,10,
548,23,WALK,HEAD,7,5,LARGE,2.5,7,
549,23,WALK,HEAD,7,5,LARGE,3.0,5,
550,23,WALK,HEAD,7,5,LARGE,3.5,6,
551,23,WALK,HEAD,7,5,LARGE,4.0,4,
552,23,WALK,HEAD,7,6,LARGE,0.5,5,
553,23,WALK,HEAD,7,6,LARGE,1.0,7,
554,23,WALK,HEAD,7,6,LARGE,1.5,6,
555,23,WALK,HEAD,7,6,LARGE,2.0,7,
556,23,WALK,HEAD,7,6,LARGE,2.5,9,
557,23,WALK,HEAD,7,6,LARGE,3.0,8,
558,23,WALK,HEAD,7,6,LARGE,3.5,8,
559,23,WALK,HEAD,7,6,LARGE,4.0,5,
560,23,WALK,HEAD,7,7,LARGE,0.5,1,
561,23,WALK,HEAD,7,7,LARGE,1.0,6,
562,23,WALK,HEAD,7,7,LARGE,1.5,10,
563,23,WALK,HEAD,7,7,LARGE,2.0,10,
564,23,WALK,HEAD,7,7,LARGE,2.5,6,
565,23,WALK,HEAD,7,7,LARGE,3.0,5,
566,23,WALK,HEAD,7,7,LARGE,3.5,2,
567,23,WALK,HEAD,7,7,LARGE,4.0,2,
568,23,WALK,HEAD,7,8,LARGE,0.5,7,
569,23,WALK,HEAD,7,8,LARGE,1.0,8,
570,23,WALK,HEAD,7,8,LARGE,1.5,10,
571,23,WALK,HEAD,7,8,LARGE,2.0,10,
572,23,WALK,HEAD,7,8,LARGE,2.5,8,
573,23,WALK,HEAD,7,8,LARGE,3.0,8,
574,23,WALK,HEAD,7,8,LARGE,3.5,3,
575,23,WALK,HEAD,7,8,LARGE,4.0,3,
576,23,STAND,HEAD,8,0,SMALL,0.5,3,
577,23,STAND,HEAD,8,0,SMALL,1.0,1,
578,23,STAND,HEAD,8,0,SMALL,1.5,1,
579,23,STAND,HEAD,8,0,SMALL,2.0,1,
580,23,STAND,HEAD,8,0,SMALL,2.5,1,
581,23,STAND,HEAD,8,0,SMALL,3.0,1,
582,23,STAND,HEAD,8,0,SMALL,3.5,1,
583,23,STAND,HEAD,8,0,SMALL,4.0,1,
584,23,STAND,HEAD,8,1,SMALL,0.5,1,
585,23,STAND,HEAD,8,1,SMALL,1.0,2,
586,23,STAND,HEAD,8,1,SMALL,1.5,1,
587,23,STAND,HEAD,8,1,SMALL,2.0,1,
588,23,STAND,HEAD,8,1,SMALL,2.5,1,
589,23,STAND,HEAD,8,1,SMALL,3.0,1,
590,23,STAND,HEAD,8,1,SMALL,3.5,1,
591,23,STAND,HEAD,8,1,SMALL,4.0,1,
592,23,STAND,HEAD,8,2,SMALL,0.5,1,
593,23,STAND,HEAD,8,2,SMALL,1.0,1,
594,23,STAND,HEAD,8,2,SMALL,1.5,1,
595,23,STAND,HEAD,8,2,SMALL,2.0,1,
596,23,STAND,HEAD,8,2,SMALL,2.5,1,
597,23,STAND,HEAD,8,2,SMALL,3.0,1,
598,23,STAND,HEAD,8,2,SMALL,3.5,1,
599,23,STAND,HEAD,8,2,SMALL,4.0,1,
600,23,STAND,HEAD,8,3,SMALL,0.5,2,
601,23,STAND,HEAD,8,3,SMALL,1.0,1,
602,23,STAND,HEAD,8,3,SMALL,1.5,1,
603,23,STAND,HEAD,8,3,SMALL,2.0,1,
604,23,STAND,HEAD,8,3,SMALL,2.5,1,
605,23,STAND,HEAD,8,3,SMALL,3.0,1,
606,23,STAND,HEAD,8,3,SMALL,3.5,1,
607,23,STAND,HEAD,8,3,SMALL,4.0,1,
608,23,STAND,HEAD,8,4,SMALL,0.5,1,
609,23,STAND,HEAD,8,4,SMALL,1.0,1,
610,23,STAND,HEAD,8,4,SMALL,1.5,1,
611,23,STAND,HEAD,8,4,SMALL,2.0,1,
612,23,STAND,HEAD,8,4,SMALL,2.5,1,
613,23,STAND,HEAD,8,4,SMALL,3.0,1,
614,23,STAND,HEAD,8,4,SMALL,3.5,1,
615,23,STAND,HEAD,8,4,SMALL,4.0,1,
616,23,STAND,HEAD,8,5,SMALL,0.5,2,
617,23,STAND,HEAD,8,5,SMALL,1.0,2,
618,23,STAND,HEAD,8,5,SMALL,1.5,1,
619,23,STAND,HEAD,8,5,SMALL,2.0,1,
620,23,STAND,HEAD,8,5,SMALL,2.5,1,
621,23,STAND,HEAD,8,5,SMALL,3.0,1,
622,23,STAND,HEAD,8,5,SMALL,3.5,1,
623,23,STAND,HEAD,8,5,SMALL,4.0,1,
624,23,STAND,HEAD,8,6,SMALL,0.5,2,
625,23,STAND,HEAD,8,6,SMALL,1.0,3,
626,23,STAND,HEAD,8,6,SMALL,1.5,1,
627,23,STAND,HEAD,8,6,SMALL,2.0,1,
628,23,STAND,HEAD,8,6,SMALL,2.5,1,
629,23,STAND,HEAD,8,6,SMALL,3.0,1,
630,23,STAND,HEAD,8,6,SMALL,3.5,1,
631,23,STAND,HEAD,8,6,SMALL,4.0,1,
632,23,STAND,HEAD,8,7,SMALL,0.5,1,
633,23,STAND,HEAD,8,7,SMALL,1.0,1,
634,23,STAND,HEAD,8,7,SMALL,1.5,2,
635,23,STAND,HEAD,8,7,SMALL,2.0,1,
636,23,STAND,HEAD,8,7,SMALL,2.5,1,
637,23,STAND,HEAD,8,7,SMALL,3.0,1,
638,23,STAND,HEAD,8,7,SMALL,3.5,1,
639,23,STAND,HEAD,8,7,SMALL,4.0,1,
640,23,STAND,HEAD,8,8,SMALL,0.5,2,
641,23,STAND,HEAD,8,8,SMALL,1.0,2,
642,23,STAND,HEAD,8,8,SMALL,1.5,2,
643,23,STAND,HEAD,8,8,SMALL,2.0,1,
644,23,STAND,HEAD,8,8,SMALL,2.5,1,
645,23,STAND,HEAD,8,8,SMALL,3.0,1,
646,23,STAND,HEAD,8,8,SMALL,3.5,1,
647,23,STAND,HEAD,8,8,SMALL,4.0,1,
648,23,WALK,HEAD,8,0,SMALL,0.5,3,
649,23,WALK,HEAD,8,0,SMALL,1.0,10,
650,23,WALK,HEAD,8,0,SMALL,1.5,8,
651,23,WALK,HEAD,8,0,SMALL,2.0,11,
652,23,WALK,HEAD,8,0,SMALL,2.5,6,
653,23,WALK,HEAD,8,0,SMALL,3.0,5,
654,23,WALK,HEAD,8,0,SMALL,3.5,5,
655,23,WALK,HEAD,8,0,SMALL,4.0,5,
656,23,WALK,HEAD,8,1,SMALL,0.5,3,
657,23,WALK,HEAD,8,1,SMALL,1.0,7,
658,23,WALK,HEAD,8,1,SMALL,1.5,7,
659,23,WALK,HEAD,8,1,SMALL,2.0,9,
660,23,WALK,HEAD,8,1,SMALL,2.5,10,
661,23,WALK,HEAD,8,1,SMALL,3.0,8,
662,23,WALK,HEAD,8,1,SMALL,3.5,6,
663,23,WALK,HEAD,8,1,SMALL,4.0,5,
664,23,WALK,HEAD,8,2,SMALL,0.5,2,
665,23,WALK,HEAD,8,2,SMALL,1.0,5,
666,23,WALK,HEAD,8,2,SMALL,1.5,6,
667,23,WALK,HEAD,8,2,SMALL,2.0,10,
668,23,WALK,HEAD,8,2,SMALL,2.5,9,
669,23,WALK,HEAD,8,2,SMALL,3.0,6,
670,23,WALK,HEAD,8,2,SMALL,3.5,2,
671,23,WALK,HEAD,8,2,SMALL,4.0,3,
672,23,WALK,HEAD,8,3,SMALL,0.5,4,
673,23,WALK,HEAD,8,3,SMALL,1.0,5,
674,23,WALK,HEAD,8,3,SMALL,1.5,11,
675,23,WALK,HEAD,8,3,SMALL,2.0,10,
676,23,WALK,HEAD,8,3,SMALL,2.5,6,
677,23,WALK,HEAD,8,3,SMALL,3.0,6,
678,23,WALK,HEAD,8,3,SMALL,3.5,6,
679,23,WALK,HEAD,8,3,SMALL,4.0,4,
680,23,WALK,HEAD,8,4,SMALL,0.5,1,
681,23,WALK,HEAD,8,4,SMALL,1.0,5,
682,23,WALK,HEAD,8,4,SMALL,1.5,8,
683,23,WALK,HEAD,8,4,SMALL,2.0,9,
684,23,WALK,HEAD,8,4,SMALL,2.5,9,
685,23,WALK,HEAD,8,4,SMALL,3.0,6,
686,23,WALK,HEAD,8,4,SMALL,3.5,6,
687,23,WALK,HEAD,8,4,SMALL,4.0,3,
688,23,WALK,HEAD,8,5,SMALL,0.5,4,
689,23,WALK,HEAD,8,5,SMALL,1.0,7,
690,23,WALK,HEAD,8,5,SMALL,1.5,8,
691,23,WALK,HEAD,8,5,SMALL,2.0,10,
692,23,WALK,HEAD,8,5,SMALL,2.5,10,
693,23,WALK,HEAD,8,5,SMALL,3.0,4,
694,23,WALK,HEAD,8,5,SMALL,3.5,3,
695,23,WALK,HEAD,8,5,SMALL,4.0,3,
696,23,WALK,HEAD,8,6,SMALL,0.5,4,
697,23,WALK,HEAD,8,6,SMALL,1.0,8,
698,23,WALK,HEAD,8,6,SMALL,1.5,7,
699,23,WALK,HEAD,8,6,SMALL,2.0,6,
700,23,WALK,HEAD,8,6,SMALL,2.5,7,
701,23,WALK,HEAD,8,6,SMALL,3.0,6,
702,23,WALK,HEAD,8,6,SMALL,3.5,7,
703,23,WALK,HEAD,8,6,SMALL,4.0,3,
704,23,WALK,HEAD,8,7,SMALL,0.5,4,
705,23,WALK,HEAD,8,7,SMALL,1.0,6,
706,23,WALK,HEAD,8,7,SMALL,1.5,7,
707,23,WALK,HEAD,8,7,SMALL,2.0,8,
708,23,WALK,HEAD,8,7,SMALL,2.5,7,
709,23,WALK,HEAD,8,7,SMALL,3.0,9,
710,23,WALK,HEAD,8,7,SMALL,3.5,8,
711,23,WALK,HEAD,8,7,SMALL,4.0,8,
712,23,WALK,HEAD,8,8,SMALL,0.5,10,
713,23,WALK,HEAD,8,8,SMALL,1.0,11,
714,23,WALK,HEAD,8,8,SMALL,1.5,7,
715,23,WALK,HEAD,8,8,SMALL,2.0,10,
716,23,WALK,HEAD,8,8,SMALL,2.5,9,
717,23,WALK,HEAD,8,8,SMALL,3.0,4,
718,23,WALK,HEAD,8,8,SMALL,3.5,3,
719,23,WALK,HEAD,8,8,SMALL,4.0,3,
720,23,STAND,HEAD,9,0,LARGE,0.5,2,
721,23,STAND,HEAD,9,0,LARGE,1.0,2,
722,23,STAND,HEAD,9,0,LARGE,1.5,3,
723,23,STAND,HEAD,9,0,LARGE,2.0,2,
724,23,STAND,HEAD,9,0,LARGE,2.5,2,
725,23,STAND,HEAD,9,0,LARGE,3.0,1,
726,23,STAND,HEAD,9,0,LARGE,3.5,1,
727,23,STAND,HEAD,9,0,LARGE,4.0,1,
728,23,STAND,HEAD,9,1,LARGE,0.5,2,
729,23,STAND,HEAD,9,1,LARGE,1.0,1,
730,23,STAND,HEAD,9,1,LARGE,1.5,1,
731,23,STAND,HEAD,9,1,LARGE,2.0,1,
732,23,STAND,HEAD,9,1,LARGE,2.5,1,
733,23,STAND,HEAD,9,1,LARGE,3.0,1,
734,23,STAND,HEAD,9,1,LARGE,3.5,1,
735,23,STAND,HEAD,9,1,LARGE,4.0,1,
736,23,STAND,HEAD,9,2,LARGE,0.5,2,
737,23,STAND,HEAD,9,2,LARGE,1.0,2,
738,23,STAND,HEAD,9,2,LARGE,1.5,1,
739,23,STAND,HEAD,9,2,LARGE,2.0,1,
740,23,STAND,HEAD,9,2,LARGE,2.5,1,
741,23,STAND,HEAD,9,2,LARGE,3.0,1,
742,23,STAND,HEAD,9,2,LARGE,3.5,1,
743,23,STAND,HEAD,9,2,LARGE,4.0,1,
744,23,STAND,HEAD,9,3,LARGE,0.5,1,
745,23,STAND,HEAD,9,3,LARGE,1.0,1,
746,23,STAND,HEAD,9,3,LARGE,1.5,1,
747,23,STAND,HEAD,9,3,LARGE,2.0,2,
748,23,STAND,HEAD,9,3,LARGE,2.5,1,
749,23,STAND,HEAD,9,3,LARGE,3.0,1,
750,23,STAND,HEAD,9,3,LARGE,3.5,1,
751,23,STAND,HEAD,9,3,LARGE,4.0,1,
752,23,STAND,HEAD,9,4,LARGE,0.5,2,
753,23,STAND,HEAD,9,4,LARGE,1.0,2,
754,23,STAND,HEAD,9,4,LARGE,1.5,2,
755,23,STAND,HEAD,9,4,LARGE,2.0,1,
756,23,STAND,HEAD,9,4,LARGE,2.5,1,
757,23,STAND,HEAD,9,4,LARGE,3.0,1,
758,23,STAND,HEAD,9,4,LARGE,3.5,1,
759,23,STAND,HEAD,9,4,LARGE,4.0,1,
760,23,STAND,HEAD,9,5,LARGE,0.5,2,
761,23,STAND,HEAD,9,5,LARGE,1.0,1,
762,23,STAND,HEAD,9,5,LARGE,1.5,1,
763,23,STAND,HEAD,9,5,LARGE,2.0,1,
764,23,STAND,HEAD,9,5,LARGE,2.5,1,
765,23,STAND,HEAD,9,5,LARGE,3.0,1,
766,23,STAND,HEAD,9,5,LARGE,3.5,1,
767,23,STAND,HEAD,9,5,LARGE,4.0,1,
768,23,STAND,HEAD,9,6,LARGE,0.5,1,
769,23,STAND,HEAD,9,6,LARGE,1.0,2,
770,23,STAND,HEAD,9,6,LARGE,1.5,1,
771,23,STAND,HEAD,9,6,LARGE,2.0,1,
772,23,STAND,HEAD,9,6,LARGE,2.5,1,
773,23,STAND,HEAD,9,6,LARGE,3.0,1,
774,23,STAND,HEAD,9,6,LARGE,3.5,1,
775,23,STAND,HEAD,9,6,LARGE,4.0,1,
776,23,STAND,HEAD,9,7,LARGE,0.5,1,
777,23,STAND,HEAD,9,7,LARGE,1.0,1,
778,23,STAND,HEAD,9,7,LARGE,1.5,1,
779,23,STAND,HEAD,9,7,LARGE,2.0,1,
780,23,STAND,HEAD,9,7,LARGE,2.5,1,
781,23,STAND,HEAD,9,7,LARGE,3.0,1,
782,23,STAND,HEAD,9,7,LARGE,3.5,1,
783,23,STAND,HEAD,9,7,LARGE,4.0,1,
784,23,STAND,HEAD,9,8,LARGE,0.5,2,
785,23,STAND,HEAD,9,8,LARGE,1.0,1,
786,23,STAND,HEAD,9,8,LARGE,1.5,1,
787,23,STAND,HEAD,9,8,LARGE,2.0,2,
788,23,STAND,HEAD,9,8,LARGE,2.5,2,
789,23,STAND,HEAD,9,8,LARGE,3.0,1,
790,23,STAND,HEAD,9,8,LARGE,3.5,1,
791,23,STAND,HEAD,9,8,LARGE,4.0,1,
792,23,WALK,HEAD,9,0,LARGE,0.5,1,
793,23,WALK,HEAD,9,0,LARGE,1.0,3,
794,23,WALK,HEAD,9,0,LARGE,1.5,7,
795,23,WALK,HEAD,9,0,LARGE,2.0,10,
796,23,WALK,HEAD,9,0,LARGE,2.5,10,
797,23,WALK,HEAD,9,0,LARGE,3.0,10,
798,23,WALK,HEAD,9,0,LARGE,3.5,7,
799,23,WALK,HEAD,9,0,LARGE,4.0,5,
800,23,WALK,HEAD,9,1,LARGE,0.5,2,
801,23,WALK,HEAD,9,1,LARGE,1.0,10,
802,23,WALK,HEAD,9,1,LARGE,1.5,12,
803,23,WALK,HEAD,9,1,LARGE,2.0,10,
804,23,WALK,HEAD,9,1,LARGE,2.5,8,
805,23,WALK,HEAD,9,1,LARGE,3.0,7,
806,23,WALK,HEAD,9,1,LARGE,3.5,5,
807,23,WALK,HEAD,9,1,LARGE,4.0,4,
808,23,WALK,HEAD,9,2,LARGE,0.5,6,
809,23,WALK,HEAD,9,2,LARGE,1.0,9,
810,23,WALK,HEAD,9,2,LARGE,1.5,9,
811,23,WALK,HEAD,9,2,LARGE,2.0,9,
812,23,WALK,HEAD,9,2,LARGE,2.5,8,
813,23,WALK,HEAD,9,2,LARGE,3.0,7,
814,23,WALK,HEAD,9,2,LARGE,3.5,5,
815,23,WALK,HEAD,9,2,LARGE,4.0,5,
816,23,WALK,HEAD,9,3,LARGE,0.5,2,
817,23,WALK,HEAD,9,3,LARGE,1.0,3,
818,23,WALK,HEAD,9,3,LARGE,1.5,9,
819,23,WALK,HEAD,9,3,LARGE,2.0,9,
820,23,WALK,HEAD,9,3,LARGE,2.5,12,
821,23,WALK,HEAD,9,3,LARGE,3.0,8,
822,23,WALK,HEAD,9,3,LARGE,3.5,4,
823,23,WALK,HEAD,9,3,LARGE,4.0,2,
824,23,WALK,HEAD,9,4,LARGE,0.5,2,
825,23,WALK,HEAD,9,4,LARGE,1.0,5,
826,23,WALK,HEAD,9,4,LARGE,1.5,7,
827,23,WALK,HEAD,9,4,LARGE,2.0,10,
828,23,WALK,HEAD,9,4,LARGE,2.5,8,
829,23,WALK,HEAD,9,4,LARGE,3.0,6,
830,23,WALK,HEAD,9,4,LARGE,3.5,4,
831,23,WALK,HEAD,9,4,LARGE,4.0,3,
832,23,WALK,HEAD,9,5,LARGE,0.5,2,
833,23,WALK,HEAD,9,5,LARGE,1.0,8,
834,23,WALK,HEAD,9,5,LARGE,1.5,11,
835,23,WALK,HEAD,9,5,LARGE,2.0,9,
836,23,WALK,HEAD,9,5,LARGE,2.5,10,
837,23,WALK,HEAD,9,5,LARGE,3.0,7,
838,23,WALK,HEAD,9,5,LARGE,3.5,5,
839,23,WALK,HEAD,9,5,LARGE,4.0,5,
840,23,WALK,HEAD,9,6,LARGE,0.5,2,
841,23,WALK,HEAD,9,6,LARGE,1.0,4,
842,23,WALK,HEAD,9,6,LARGE,1.5,7,
843,23,WALK,HEAD,9,6,LARGE,2.0,9,
844,23,WALK,HEAD,9,6,LARGE,2.5,8,
845,23,WALK,HEAD,9,6,LARGE,3.0,6,
846,23,WALK,HEAD,9,6,LARGE,3.5,6,
847,23,WALK,HEAD,9,6,LARGE,4.0,6,
848,23,WALK,HEAD,9,7,LARGE,0.5,6,
849,23,WALK,HEAD,9,7,LARGE,1.0,10,
850,23,WALK,HEAD,9,7,LARGE,1.5,8,
851,23,WALK,HEAD,9,7,LARGE,2.0,7,
852,23,WALK,HEAD,9,7,LARGE,2.5,9,
853,23,WALK,HEAD,9,7,LARGE,3.0,7,
854,23,WALK,HEAD,9,7,LARGE,3.5,6,
855,23,WALK,HEAD,9,7,LARGE,4.0,3,
856,23,WALK,HEAD,9,8,LARGE,0.5,9,
857,23,WALK,HEAD,9,8,LARGE,1.0,13,
858,23,WALK,HEAD,9,8,LARGE,1.5,11,
859,23,WALK,HEAD,9,8,LARGE,2.0,10,
860,23,WALK,HEAD,9,8,LARGE,2.5,6,
861,23,WALK,HEAD,9,8,LARGE,3.0,2,
862,23,WALK,HEAD,9,8,LARGE,3.5,2,
863,23,WALK,HEAD,9,8,LARGE,4.0,2,
864,23,STAND,EYE,4,0,SMALL,0.5,1,
865,23,STAND,EYE,4,0,SMALL,1.0,2,
866,23,STAND,EYE,4,0,SMALL,1.5,3,
867,23,STAND,EYE,4,0,SMALL,2.0,2,
868,23,STAND,EYE,4,0,SMALL,2.5,1,
869,23,STAND,EYE,4,0,SMALL,3.0,1,
870,23,STAND,EYE,4,0,SMALL,3.5,1,
871,23,STAND,EYE,4,0,SMALL,4.0,1,
872,23,STAND,EYE,4,1,SMALL,0.5,1,
873,23,STAND,EYE,4,1,SMALL,1.0,3,
874,23,STAND,EYE,4,1,SMALL,1.5,1,
875,23,STAND,EYE,4,1,SMALL,2.0,1,
876,23,STAND,EYE,4,1,SMALL,2.5,1,
877,23,STAND,EYE,4,1,SMALL,3.0,1,
878,23,STAND,EYE,4,1,SMALL,3.5,1,
879,23,STAND,EYE,4,1,SMALL,4.0,1,
880,23,STAND,EYE,4,2,SMALL,0.5,2,
881,23,STAND,EYE,4,2,SMALL,1.0,3,
882,23,STAND,EYE,4,2,SMALL,1.5,1,
883,23,STAND,EYE,4,2,SMALL,2.0,1,
884,23,STAND,EYE,4,2,SMALL,2.5,1,
885,23,STAND,EYE,4,2,SMALL,3.0,1,
886,23,STAND,EYE,4,2,SMALL,3.5,1,
887,23,STAND,EYE,4,2,SMALL,4.0,1,
888,23,STAND,EYE,4,3,SMALL,0.5,3,
889,23,STAND,EYE,4,3,SMALL,1.0,2,
890,23,STAND,EYE,4,3,SMALL,1.5,1,
891,23,STAND,EYE,4,3,SMALL,2.0,1,
892,23,STAND,EYE,4,3,SMALL,2.5,1,
893,23,STAND,EYE,4,3,SMALL,3.0,1,
894,23,STAND,EYE,4,3,SMALL,3.5,1,
895,23,STAND,EYE,4,3,SMALL,4.0,1,
896,23,STAND,EYE,4,4,SMALL,0.5,4,
897,23,STAND,EYE,4,4,SMALL,1.0,2,
898,23,STAND,EYE,4,4,SMALL,1.5,1,
899,23,STAND,EYE,4,4,SMALL,2.0,2,
900,23,STAND,EYE,4,4,SMALL,2.5,2,
901,23,STAND,EYE,4,4,SMALL,3.0,1,
902,23,STAND,EYE,4,4,SMALL,3.5,1,
903,23,STAND,EYE,4,4,SMALL,4.0,1,
904,23,STAND,EYE,4,5,SMALL,0.5,1,
905,23,STAND,EYE,4,5,SMALL,1.0,7,
906,23,STAND,EYE,4,5,SMALL,1.5,4,
907,23,STAND,EYE,4,5,SMALL,2.0,3,
908,23,STAND,EYE,4,5,SMALL,2.5,1,
909,23,STAND,EYE,4,5,SMALL,3.0,1,
910,23,STAND,EYE,4,5,SMALL,3.5,1,
911,23,STAND,EYE,4,5,SMALL,4.0,1,
912,23,STAND,EYE,4,6,SMALL,0.5,1,
913,23,STAND,EYE,4,6,SMALL,1.0,8,
914,23,STAND,EYE,4,6,SMALL,1.5,1,
915,23,STAND,EYE,4,6,SMALL,2.0,1,
916,23,STAND,EYE,4,6,SMALL,2.5,1,
917,23,STAND,EYE,4,6,SMALL,3.0,1,
918,23,STAND,EYE,4,6,SMALL,3.5,1,
919,23,STAND,EYE,4,6,SMALL,4.0,3,
920,23,STAND,EYE,4,7,SMALL,0.5,0,
921,23,STAND,EYE,4,7,SMALL,1.0,4,
922,23,STAND,EYE,4,7,SMALL,1.5,2,
923,23,STAND,EYE,4,7,SMALL,2.0,2,
924,23,STAND,EYE,4,7,SMALL,2.5,1,
925,23,STAND,EYE,4,7,SMALL,3.0,1,
926,23,STAND,EYE,4,7,SMALL,3.5,1,
927,23,STAND,EYE,4,7,SMALL,4.0,1,
928,23,STAND,EYE,4,8,SMALL,0.5,4,
929,23,STAND,EYE,4,8,SMALL,1.0,7,
930,23,STAND,EYE,4,8,SMALL,1.5,3,
931,23,STAND,EYE,4,8,SMALL,2.0,2,
932,23,STAND,EYE,4,8,SMALL,2.5,2,
933,23,STAND,EYE,4,8,SMALL,3.0,2,
934,23,STAND,EYE,4,8,SMALL,3.5,2,
935,23,STAND,EYE,4,8,SMALL,4.0,2,
936,23,WALK,EYE,4,0,SMALL,0.5,6,
937,23,WALK,EYE,4,0,SMALL,1.0,8,
938,23,WALK,EYE,4,0,SMALL,1.5,19,
939,23,WALK,EYE,4,0,SMALL,2.0,12,
940,23,WALK,EYE,4,0,SMALL,2.5,12,
941,23,WALK,EYE,4,0,SMALL,3.0,7,
942,23,WALK,EYE,4,0,SMALL,3.5,7,
943,23,WALK,EYE,4,0,SMALL,4.0,4,
944,23,WALK,EYE,4,1,SMALL,0.5,4,
945,23,WALK,EYE,4,1,SMALL,1.0,11,
946,23,WALK,EYE,4,1,SMALL,1.5,17,
947,23,WALK,EYE,4,1,SMALL,2.0,12,
948,23,WALK,EYE,4,1,SMALL,2.5,10,
949,23,WALK,EYE,4,1,SMALL,3.0,9,
950,23,WALK,EYE,4,1,SMALL,3.5,6,
951,23,WALK,EYE,4,1,SMALL,4.0,2,
952,23,WALK,EYE,4,2,SMALL,0.5,10,
953,23,WALK,EYE,4,2,SMALL,1.0,12,
954,23,WALK,EYE,4,2,SMALL,1.5,7,
955,23,WALK,EYE,4,2,SMALL,2.0,14,
956,23,WALK,EYE,4,2,SMALL,2.5,13,
957,23,WALK,EYE,4,2,SMALL,3.0,7,
958,23,WALK,EYE,4,2,SMALL,3.5,5,
959,23,WALK,EYE,4,2,SMALL,4.0,3,
960,23,WALK,EYE,4,3,SMALL,0.5,7,
961,23,WALK,EYE,4,3,SMALL,1.0,12,
962,23,WALK,EYE,4,3,SMALL,1.5,14,
963,23,WALK,EYE,4,3,SMALL,2.0,13,
964,23,WALK,EYE,4,3,SMALL,2.5,9,
965,23,WALK,EYE,4,3,SMALL,3.0,3,
966,23,WALK,EYE,4,3,SMALL,3.5,1,
967,23,WALK,EYE,4,3,SMALL,4.0,1,
968,23,WALK,EYE,4,4,SMALL,0.5,8,
969,23,WALK,EYE,4,4,SMALL,1.0,12,
970,23,WALK,EYE,4,4,SMALL,1.5,15,
971,23,WALK,EYE,4,4,SMALL,2.0,7,
972,23,WALK,EYE,4,4,SMALL,2.5,8,
973,23,WALK,EYE,4,4,SMALL,3.0,4,
974,23,WALK,EYE,4,4,SMALL,3.5,1,
975,23,WALK,EYE,4,4,SMALL,4.0,3,
976,23,WALK,EYE,4,5,SMALL,0.5,10,
977,23,WALK,EYE,4,5,SMALL,1.0,9,
978,23,WALK,EYE,4,5,SMALL,1.5,15,
979,23,WALK,EYE,4,5,SMALL,2.0,9,
980,23,WALK,EYE,4,5,SMALL,2.5,4,
981,23,WALK,EYE,4,5,SMALL,3.0,6,
982,23,WALK,EYE,4,5,SMALL,3.5,3,
983,23,WALK,EYE,4,5,SMALL,4.0,3,
984,23,WALK,EYE,4,6,SMALL,0.5,7,
985,23,WALK,EYE,4,6,SMALL,1.0,14,
986,23,WALK,EYE,4,6,SMALL,1.5,15,
987,23,WALK,EYE,4,6,SMALL,2.0,9,
988,23,WALK,EYE,4,6,SMALL,2.5,8,
989,23,WALK,EYE,4,6,SMALL,3.0,4,
990,23,WALK,EYE,4,6,SMALL,3.5,5,
991,23,WALK,EYE,4,6,SMALL,4.0,6,
992,23,WALK,EYE,4,7,SMALL,0.5,11,
993,23,WALK,EYE,4,7,SMALL,1.0,13,
994,23,WALK,EYE,4,7,SMALL,1.5,13,
995,23,WALK,EYE,4,7,SMALL,2.0,12,
996,23,WALK,EYE,4,7,SMALL,2.5,10,
997,23,WALK,EYE,4,7,SMALL,3.0,6,
998,23,WALK,EYE,4,7,SMALL,3.5,5,
999,23,WALK,EYE,4,7,SMALL,4.0,6,
1000,23,WALK,EYE,4,8,SMALL,0.5,7,
1001,23,WALK,EYE,4,8,SMALL,1.0,16,
1002,23,WALK,EYE,4,8,SMALL,1.5,17,
1003,23,WALK,EYE,4,8,SMALL,2.0,15,
1004,23,WALK,EYE,4,8,SMALL,2.5,13,
1005,23,WALK,EYE,4,8,SMALL,3.0,6,
1006,23,WALK,EYE,4,8,SMALL,3.5,4,
1007,23,WALK,EYE,4,8,SMALL,4.0,4,
1008,23,STAND,EYE,5,0,LARGE,0.5,3,
1009,23,STAND,EYE,5,0,LARGE,1.0,3,
1010,23,STAND,EYE,5,0,LARGE,1.5,1,
1011,23,STAND,EYE,5,0,LARGE,2.0,2,
1012,23,STAND,EYE,5,0,LARGE,2.5,1,
1013,23,STAND,EYE,5,0,LARGE,3.0,1,
1014,23,STAND,EYE,5,0,LARGE,3.5,1,
1015,23,STAND,EYE,5,0,LARGE,4.0,1,
1016,23,STAND,EYE,5,1,LARGE,0.5,1,
1017,23,STAND,EYE,5,1,LARGE,1.0,4,
1018,23,STAND,EYE,5,1,LARGE,1.5,2,
1019,23,STAND,EYE,5,1,LARGE,2.0,4,
1020,23,STAND,EYE,5,1,LARGE,2.5,2,
1021,23,STAND,EYE,5,1,LARGE,3.0,2,
1022,23,STAND,EYE,5,1,LARGE,3.5,2,
1023,23,STAND,EYE,5,1,LARGE,4.0,1,
1024,23,STAND,EYE,5,2,LARGE,0.5,1,
1025,23,STAND,EYE,5,2,LARGE,1.0,2,
1026,23,STAND,EYE,5,2,LARGE,1.5,1,
1027,23,STAND,EYE,5,2,LARGE,2.0,2,
1028,23,STAND,EYE,5,2,LARGE,2.5,2,
1029,23,STAND,EYE,5,2,LARGE,3.0,2,
1030,23,STAND,EYE,5,2,LARGE,3.5,2,
1031,23,STAND,EYE,5,2,LARGE,4.0,1,
1032,23,STAND,EYE,5,3,LARGE,0.5,3,
1033,23,STAND,EYE,5,3,LARGE,1.0,5,
1034,23,STAND,EYE,5,3,LARGE,1.5,5,
1035,23,STAND,EYE,5,3,LARGE,2.0,1,
1036,23,STAND,EYE,5,3,LARGE,2.5,1,
1037,23,STAND,EYE,5,3,LARGE,3.0,1,
1038,23,STAND,EYE,5,3,LARGE,3.5,1,
1039,23,STAND,EYE,5,3,LARGE,4.0,1,
1040,23,STAND,EYE,5,4,LARGE,0.5,2,
1041,23,STAND,EYE,5,4,LARGE,1.0,3,
1042,23,STAND,EYE,5,4,LARGE,1.5,2,
1043,23,STAND,EYE,5,4,LARGE,2.0,1,
1044,23,STAND,EYE,5,4,LARGE,2.5,1,
1045,23,STAND,EYE,5,4,LARGE,3.0,1,
1046,23,STAND,EYE,5,4,LARGE,3.5,1,
1047,23,STAND,EYE,5,4,LARGE,4.0,1,
1048,23,STAND,EYE,5,5,LARGE,0.5,4,
1049,23,STAND,EYE,5,5,LARGE,1.0,5,
1050,23,STAND,EYE,5,5,LARGE,1.5,4,
1051,23,STAND,EYE,5,5,LARGE,2.0,3,
1052,23,STAND,EYE,5,5,LARGE,2.5,2,
1053,23,STAND,EYE,5,5,LARGE,3.0,2,
1054,23,STAND,EYE,5,5,LARGE,3.5,2,
1055,23,STAND,EYE,5,5,LARGE,4.0,1,
1056,23,STAND,EYE,5,6,LARGE,0.5,6,
1057,23,STAND,EYE,5,6,LARGE,1.0,4,
1058,23,STAND,EYE,5,6,LARGE,1.5,4,
1059,23,STAND,EYE,5,6,LARGE,2.0,3,
1060,23,STAND,EYE,5,6,LARGE,2.5,1,
1061,23,STAND,EYE,5,6,LARGE,3.0,1,
1062,23,STAND,EYE,5,6,LARGE,3.5,1,
1063,23,STAND,EYE,5,6,LARGE,4.0,1,
1064,23,STAND,EYE,5,7,LARGE,0.5,4,
1065,23,STAND,EYE,5,7,LARGE,1.0,3,
1066,23,STAND,EYE,5,7,LARGE,1.5,3,
1067,23,STAND,EYE,5,7,LARGE,2.0,3,
1068,23,STAND,EYE,5,7,LARGE,2.5,3,
1069,23,STAND,EYE,5,7,LARGE,3.0,3,
1070,23,STAND,EYE,5,7,LARGE,3.5,3,
1071,23,STAND,EYE,5,7,LARGE,4.0,2,
1072,23,STAND,EYE,5,8,LARGE,0.5,2,
1073,23,STAND,EYE,5,8,LARGE,1.0,6,
1074,23,STAND,EYE,5,8,LARGE,1.5,1,
1075,23,STAND,EYE,5,8,LARGE,2.0,1,
1076,23,STAND,EYE,5,8,LARGE,2.5,1,
1077,23,STAND,EYE,5,8,LARGE,3.0,1,
1078,23,STAND,EYE,5,8,LARGE,3.5,1,
1079,23,STAND,EYE,5,8,LARGE,4.0,1,
1080,23,WALK,EYE,5,0,LARGE,0.5,10,
1081,23,WALK,EYE,5,0,LARGE,1.0,14,
1082,23,WALK,EYE,5,0,LARGE,1.5,13,
1083,23,WALK,EYE,5,0,LARGE,2.0,10,
1084,23,WALK,EYE,5,0,LARGE,2.5,4,
1085,23,WALK,EYE,5,0,LARGE,3.0,4,
1086,23,WALK,EYE,5,0,LARGE,3.5,3,
1087,23,WALK,EYE,5,0,LARGE,4.0,3,
1088,23,WALK,EYE,5,1,LARGE,0.5,5,
1089,23,WALK,EYE,5,1,LARGE,1.0,12,
1090,23,WALK,EYE,5,1,LARGE,1.5,14,
1091,23,WALK,EYE,5,1,LARGE,2.0,11,
1092,23,WALK,EYE,5,1,LARGE,2.5,7,
1093,23,WALK,EYE,5,1,LARGE,3.0,9,
1094,23,WALK,EYE,5,1,LARGE,3.5,8,
1095,23,WALK,EYE,5,1,LARGE,4.0,3,
1096,23,WALK,EYE,5,2,LARGE,0.5,5,
1097,23,WALK,EYE,5,2,LARGE,1.0,13,
1098,23,WALK,EYE,5,2,LARGE,1.5,12,
1099,23,WALK,EYE,5,2,LARGE,2.0,10,
1100,23,WALK,EYE,5,2,LARGE,2.5,10,
1101,23,WALK,EYE,5,2,LARGE,3.0,4,
1102,23,WALK,EYE,5,2,LARGE,3.5,5,
1103,23,WALK,EYE,5,2,LARGE,4.0,5,
1104,23,WALK,EYE,5,3,LARGE,0.5,9,
1105,23,WALK,EYE,5,3,LARGE,1.0,15,
1106,23,WALK,EYE,5,3,LARGE,1.5,12,
1107,23,WALK,EYE,5,3,LARGE,2.0,9,
1108,23,WALK,EYE,5,3,LARGE,2.5,7,
1109,23,WALK,EYE,5,3,LARGE,3.0,5,
1110,23,WALK,EYE,5,3,LARGE,3.5,3,
1111,23,WALK,EYE,5,3,LARGE,4.0,1,
1112,23,WALK,EYE,5,4,LARGE,0.5,7,
1113,23,WALK,EYE,5,4,LARGE,1.0,16,
1114,23,WALK,EYE,5,4,LARGE,1.5,22,
1115,23,WALK,EYE,5,4,LARGE,2.0,11,
1116,23,WALK,EYE,5,4,LARGE,2.5,6,
1117,23,WALK,EYE,5,4,LARGE,3.0,3,
1118,23,WALK,EYE,5,4,LARGE,3.5,3,
1119,23,WALK,EYE,5,4,LARGE,4.0,3,
1120,23,WALK,EYE,5,5,LARGE,0.5,10,
1121,23,WALK,EYE,5,5,LARGE,1.0,16,
1122,23,WALK,EYE,5,5,LARGE,1.5,14,
1123,23,WALK,EYE,5,5,LARGE,2.0,10,
1124,23,WALK,EYE,5,5,LARGE,2.5,3,
1125,23,WALK,EYE,5,5,LARGE,3.0,4,
1126,23,WALK,EYE,5,5,LARGE,3.5,2,
1127,23,WALK,EYE,5,5,LARGE,4.0,1,
1128,23,WALK,EYE,5,6,LARGE,0.5,3,
1129,23,WALK,EYE,5,6,LARGE,1.0,9,
1130,23,WALK,EYE,5,6,LARGE,1.5,17,
1131,23,WALK,EYE,5,6,LARGE,2.0,13,
1132,23,WALK,EYE,5,6,LARGE,2.5,6,
1133,23,WALK,EYE,5,6,LARGE,3.0,5,
1134,23,WALK,EYE,5,6,LARGE,3.5,2,
1135,23,WALK,EYE,5,6,LARGE,4.0,2,
1136,23,WALK,EYE,5,7,LARGE,0.5,10,
1137,23,WALK,EYE,5,7,LARGE,1.0,17,
1138,23,WALK,EYE,5,7,LARGE,1.5,16,
1139,23,WALK,EYE,5,7,LARGE,2.0,14,
1140,23,WALK,EYE,5,7,LARGE,2.5,8,
1141,23,WALK,EYE,5,7,LARGE,3.0,7,
1142,23,WALK,EYE,5,7,LARGE,3.5,3,
1143,23,WALK,EYE,5,7,LARGE,4.0,2,
1144,23,WALK,EYE,5,8,LARGE,0.5,4,
1145,23,WALK,EYE,5,8,LARGE,1.0,7,
1146,23,WALK,EYE,5,8,LARGE,1.5,10,
1147,23,WALK,EYE,5,8,LARGE,2.0,12,
1148,23,WALK,EYE,5,8,LARGE,2.5,18,
1149,23,WALK,EYE,5,8,LARGE,3.0,10,
1150,23,WALK,EYE,5,8,LARGE,3.5,4,
1151,23,WALK,EYE,5,8,LARGE,4.0,2,
1152,23,STAND,EYE,6,0,SMALL,0.5,2,
1153,23,STAND,EYE,6,0,SMALL,1.0,1,
1154,23,STAND,EYE,6,0,SMALL,1.5,1,
1155,23,STAND,EYE,6,0,SMALL,2.0,1,
1156,23,STAND,EYE,6,0,SMALL,2.5,1,
1157,23,STAND,EYE,6,0,SMALL,3.0,1,
1158,23,STAND,EYE,6,0,SMALL,3.5,1,
1159,23,STAND,EYE,6,0,SMALL,4.0,1,
1160,23,STAND,EYE,6,1,SMALL,0.5,1,
1161,23,STAND,EYE,6,1,SMALL,1.0,4,
1162,23,STAND,EYE,6,1,SMALL,1.5,1,
1163,23,STAND,EYE,6,1,SMALL,2.0,1,
1164,23,STAND,EYE,6,1,SMALL,2.5,1,
1165,23,STAND,EYE,6,1,SMALL,3.0,1,
1166,23,STAND,EYE,6,1,SMALL,3.5,1,
1167,23,STAND,EYE,6,1,SMALL,4.0,1,
1168,23,STAND,EYE,6,2,SMALL,0.5,1,
1169,23,STAND,EYE,6,2,SMALL,1.0,2,
1170,23,STAND,EYE,6,2,SMALL,1.5,1,
1171,23,STAND,EYE,6,2,SMALL,2.0,1,
1172,23,STAND,EYE,6,2,SMALL,2.5,1,
1173,23,STAND,EYE,6,2,SMALL,3.0,1,
1174,23,STAND,EYE,6,2,SMALL,3.5,1,
1175,23,STAND,EYE,6,2,SMALL,4.0,1,
1176,23,STAND,EYE,6,3,SMALL,0.5,1,
1177,23,STAND,EYE,6,3,SMALL,1.0,4,
1178,23,STAND,EYE,6,3,SMALL,1.5,1,
1179,23,STAND,EYE,6,3,SMALL,2.0,1,
1180,23,STAND,EYE,6,3,SMALL,2.5,1,
1181,23,STAND,EYE,6,3,SMALL,3.0,1,
1182,23,STAND,EYE,6,3,SMALL,3.5,1,
1183,23,STAND,EYE,6,3,SMALL,4.0,1,
1184,23,STAND,EYE,6,4,SMALL,0.5,2,
1185,23,STAND,EYE,6,4,SMALL,1.0,4,
1186,23,STAND,EYE,6,4,SMALL,1.5,4,
1187,23,STAND,EYE,6,4,SMALL,2.0,3,
1188,23,STAND,EYE,6,4,SMALL,2.5,3,
1189,23,STAND,EYE,6,4,SMALL,3.0,2,
1190,23,STAND,EYE,6,4,SMALL,3.5,1,
1191,23,STAND,EYE,6,4,SMALL,4.0,1,
1192,23,STAND,EYE,6,5,SMALL,0.5,3,
1193,23,STAND,EYE,6,5,SMALL,1.0,3,
1194,23,STAND,EYE,6,5,SMALL,1.5,2,
1195,23,STAND,EYE,6,5,SMALL,2.0,1,
1196,23,STAND,EYE,6,5,SMALL,2.5,1,
1197,23,STAND,EYE,6,5,SMALL,3.0,1,
1198,23,STAND,EYE,6,5,SMALL,3.5,1,
1199,23,STAND,EYE,6,5,SMALL,4.0,1,
1200,23,STAND,EYE,6,6,SMALL,0.5,3,
1201,23,STAND,EYE,6,6,SMALL,1.0,1,
1202,23,STAND,EYE,6,6,SMALL,1.5,1,
1203,23,STAND,EYE,6,6,SMALL,2.0,1,
1204,23,STAND,EYE,6,6,SMALL,2.5,1,
1205,23,STAND,EYE,6,6,SMALL,3.0,1,
1206,23,STAND,EYE,6,6,SMALL,3.5,1,
1207,23,STAND,EYE,6,6,SMALL,4.0,1,
1208,23,STAND,EYE,6,7,SMALL,0.5,4,
1209,23,STAND,EYE,6,7,SMALL,1.0,1,
1210,23,STAND,EYE,6,7,SMALL,1.5,1,
1211,23,STAND,EYE,6,7,SMALL,2.0,1,
1212,23,STAND,EYE,6,7,SMALL,2.5,1,
1213,23,STAND,EYE,6,7,SMALL,3.0,1,
1214,23,STAND,EYE,6,7,SMALL,3.5,1,
1215,23,STAND,EYE,6,7,SMALL,4.0,1,
1216,23,STAND,EYE,6,8,SMALL,0.5,1,
1217,23,STAND,EYE,6,8,SMALL,1.0,7,
1218,23,STAND,EYE,6,8,SMALL,1.5,3,
1219,23,STAND,EYE,6,8,SMALL,2.0,2,
1220,23,STAND,EYE,6,8,SMALL,2.5,2,
1221,23,STAND,EYE,6,8,SMALL,3.0,1,
1222,23,STAND,EYE,6,8,SMALL,3.5,1,
1223,23,STAND,EYE,6,8,SMALL,4.0,1,
1224,23,WALK,EYE,6,0,SMALL,0.5,5,
1225,23,WALK,EYE,6,0,SMALL,1.0,12,
1226,23,WALK,EYE,6,0,SMALL,1.5,14,
1227,23,WALK,EYE,6,0,SMALL,2.0,13,
1228,23,WALK,EYE,6,0,SMALL,2.5,9,
1229,23,WALK,EYE,6,0,SMALL,3.0,5,
1230,23,WALK,EYE,6,0,SMALL,3.5,2,
1231,23,WALK,EYE,6,0,SMALL,4.0,1,
1232,23,WALK,EYE,6,1,SMALL,0.5,4,
1233,23,WALK,EYE,6,1,SMALL,1.0,8,
1234,23,WALK,EYE,6,1,SMALL,1.5,9,
1235,23,WALK,EYE,6,1,SMALL,2.0,11,
1236,23,WALK,EYE,6,1,SMALL,2.5,9,
1237,23,WALK,EYE,6,1,SMALL,3.0,11,
1238,23,WALK,EYE,6,1,SMALL,3.5,7,
1239,23,WALK,EYE,6,1,SMALL,4.0,6,
1240,23,WALK,EYE,6,2,SMALL,0.5,3,
1241,23,WALK,EYE,6,2,SMALL,1.0,10,
1242,23,WALK,EYE,6,2,SMALL,1.5,21,
1243,23,WALK,EYE,6,2,SMALL,2.0,15,
1244,23,WALK,EYE,6,2,SMALL,2.5,12,
1245,23,WALK,EYE,6,2,SMALL,3.0,8,
1246,23,WALK,EYE,6,2,SMALL,3.5,9,
1247,23,WALK,EYE,6,2,SMALL,4.0,6,
1248,23,WALK,EYE,6,3,SMALL,0.5,11,
1249,23,WALK,EYE,6,3,SMALL,1.0,15,
1250,23,WALK,EYE,6,3,SMALL,1.5,17,
1251,23,WALK,EYE,6,3,SMALL,2.0,6,
1252,23,WALK,EYE,6,3,SMALL,2.5,5,
1253,23,WALK,EYE,6,3,SMALL,3.0,1,
1254,23,WALK,EYE,6,3,SMALL,3.5,1,
1255,23,WALK,EYE,6,3,SMALL,4.0,1,
1256,23,WALK,EYE,6,4,SMALL,0.5,9,
1257,23,WALK,EYE,6,4,SMALL,1.0,15,
1258,23,WALK,EYE,6,4,SMALL,1.5,13,
1259,23,WALK,EYE,6,4,SMALL,2.0,17,
1260,23,WALK,EYE,6,4,SMALL,2.5,11,
1261,23,WALK,EYE,6,4,SMALL,3.0,5,
1262,23,WALK,EYE,6,4,SMALL,3.5,4,
1263,23,WALK,EYE,6,4,SMALL,4.0,3,
1264,23,WALK,EYE,6,5,SMALL,0.5,12,
1265,23,WALK,EYE,6,5,SMALL,1.0,13,
1266,23,WALK,EYE,6,5,SMALL,1.5,13,
1267,23,WALK,EYE,6,5,SMALL,2.0,11,
1268,23,WALK,EYE,6,5,SMALL,2.5,7,
1269,23,WALK,EYE,6,5,SMALL,3.0,9,
1270,23,WALK,EYE,6,5,SMALL,3.5,6,
1271,23,WALK,EYE,6,5,SMALL,4.0,6,
1272,23,WALK,EYE,6,6,SMALL,0.5,11,
1273,23,WALK,EYE,6,6,SMALL,1.0,13,
1274,23,WALK,EYE,6,6,SMALL,1.5,8,
1275,23,WALK,EYE,6,6,SMALL,2.0,10,
1276,23,WALK,EYE,6,6,SMALL,2.5,10,
1277,23,WALK,EYE,6,6,SMALL,3.0,5,
1278,23,WALK,EYE,6,6,SMALL,3.5,2,
1279,23,WALK,EYE,6,6,SMALL,4.0,3,
1280,23,WALK,EYE,6,7,SMALL,0.5,6,
1281,23,WALK,EYE,6,7,SMALL,1.0,13,
1282,23,WALK,EYE,6,7,SMALL,1.5,14,
1283,23,WALK,EYE,6,7,SMALL,2.0,13,
1284,23,WALK,EYE,6,7,SMALL,2.5,13,
1285,23,WALK,EYE,6,7,SMALL,3.0,6,
1286,23,WALK,EYE,6,7,SMALL,3.5,3,
1287,23,WALK,EYE,6,7,SMALL,4.0,3,
1288,23,WALK,EYE,6,8,SMALL,0.5,7,
1289,23,WALK,EYE,6,8,SMALL,1.0,15,
1290,23,WALK,EYE,6,8,SMALL,1.5,13,
1291,23,WALK,EYE,6,8,SMALL,2.0,14,
1292,23,WALK,EYE,6,8,SMALL,2.5,10,
1293,23,WALK,EYE,6,8,SMALL,3.0,8,
1294,23,WALK,EYE,6,8,SMALL,3.5,6,
1295,23,WALK,EYE,6,8,SMALL,4.0,2,
1296,23,STAND,EYE,7,0,LARGE,0.5,4,
1297,23,STAND,EYE,7,0,LARGE,1.0,4,
1298,23,STAND,EYE,7,0,LARGE,1.5,2,
1299,23,STAND,EYE,7,0,LARGE,2.0,3,
1300,23,STAND,EYE,7,0,LARGE,2.5,1,
1301,23,STAND,EYE,7,0,LARGE,3.0,1,
1302,23,STAND,EYE,7,0,LARGE,3.5,1,
1303,23,STAND,EYE,7,0,LARGE,4.0,1,
1304,23,STAND,EYE,7,1,LARGE,0.5,2,
1305,23,STAND,EYE,7,1,LARGE,1.0,3,
1306,23,STAND,EYE,7,1,LARGE,1.5,1,
1307,23,STAND,EYE,7,1,LARGE,2.0,1,
1308,23,STAND,EYE,7,1,LARGE,2.5,1,
1309,23,STAND,EYE,7,1,LARGE,3.0,2,
1310,23,STAND,EYE,7,1,LARGE,3.5,1,
1311,23,STAND,EYE,7,1,LARGE,4.0,1,
1312,23,STAND,EYE,7,2,LARGE,0.5,3,
1313,23,STAND,EYE,7,2,LARGE,1.0,1,
1314,23,STAND,EYE,7,2,LARGE,1.5,1,
1315,23,STAND,EYE,7,2,LARGE,2.0,1,
1316,23,STAND,EYE,7,2,LARGE,2.5,1,
1317,23,STAND,EYE,7,2,LARGE,3.0,3,
1318,23,STAND,EYE,7,2,LARGE,3.5,1,
1319,23,STAND,EYE,7,2,LARGE,4.0,1,
1320,23,STAND,EYE,7,3,LARGE,0.5,4,
1321,23,STAND,EYE,7,3,LARGE,1.0,2,
1322,23,STAND,EYE,7,3,LARGE,1.5,1,
1323,23,STAND,EYE,7,3,LARGE,2.0,1,
1324,23,STAND,EYE,7,3,LARGE,2.5,1,
1325,23,STAND,EYE,7,3,LARGE,3.0,1,
1326,23,STAND,EYE,7,3,LARGE,3.5,1,
1327,23,STAND,EYE,7,3,LARGE,4.0,1,
1328,23,STAND,EYE,7,4,LARGE,0.5,0,
1329,23,STAND,EYE,7,4,LARGE,1.0,6,
1330,23,STAND,EYE,7,4,LARGE,1.5,2,
1331,23,STAND,EYE,7,4,LARGE,2.0,1,
1332,23,STAND,EYE,7,4,LARGE,2.5,1,
1333,23,STAND,EYE,7,4,LARGE,3.0,1,
1334,23,STAND,EYE,7,4,LARGE,3.5,1,
1335,23,STAND,EYE,7,4,LARGE,4.0,1,
1336,23,STAND,EYE,7,5,LARGE,0.5,2,
1337,23,STAND,EYE,7,5,LARGE,1.0,2,
1338,23,STAND,EYE,7,5,LARGE,1.5,1,
1339,23,STAND,EYE,7,5,LARGE,2.0,1,
1340,23,STAND,EYE,7,5,LARGE,2.5,1,
1341,23,STAND,EYE,7,5,LARGE,3.0,1,
1342,23,STAND,EYE,7,5,LARGE,3.5,1,
1343,23,STAND,EYE,7,5,LARGE,4.0,1,
1344,23,STAND,EYE,7,6,LARGE,0.5,4,
1345,23,STAND,EYE,7,6,LARGE,1.0,3,
1346,23,STAND,EYE,7,6,LARGE,1.5,2,
1347,23,STAND,EYE,7,6,LARGE,2.0,1,
1348,23,STAND,EYE,7,6,LARGE,2.5,2,
1349,23,STAND,EYE,7,6,LARGE,3.0,1,
1350,23,STAND,EYE,7,6,LARGE,3.5,1,
1351,23,STAND,EYE,7,6,LARGE,4.0,1,
1352,23,STAND,EYE,7,7,LARGE,0.5,3,
1353,23,STAND,EYE,7,7,LARGE,1.0,4,
1354,23,STAND,EYE,7,7,LARGE,1.5,1,
1355,23,STAND,EYE,7,7,LARGE,2.0,1,
1356,23,STAND,EYE,7,7,LARGE,2.5,1,
1357,23,STAND,EYE,7,7,LARGE,3.0,1,
1358,23,STAND,EYE,7,7,LARGE,3.5,1,
1359,23,STAND,EYE,7,7,LARGE,4.0,1,
1360,23,STAND,EYE,7,8,LARGE,0.5,1,
1361,23,STAND,EYE,7,8,LARGE,1.0,3,
1362,23,STAND,EYE,7,8,LARGE,1.5,2,
1363,23,STAND,EYE,7,8,LARGE,2.0,1,
1364,23,STAND,EYE,7,8,LARGE,2.5,1,
1365,23,STAND,EYE,7,8,LARGE,3.0,1,
1366,23,STAND,EYE,7,8,LARGE,3.5,1,
1367,23,STAND,EYE,7,8,LARGE,4.0,1,
1368,23,WALK,EYE,7,0,LARGE,0.5,2,
1369,23,WALK,EYE,7,0,LARGE,1.0,8,
1370,23,WALK,EYE,7,0,LARGE,1.5,9,
1371,23,WALK,EYE,7,0,LARGE,2.0,11,
1372,23,WALK,EYE,7,0,LARGE,2.5,12,
1373,23,WALK,EYE,7,0,LARGE,3.0,12,
1374,23,WALK,EYE,7,0,LARGE,3.5,7,
1375,23,WALK,EYE,7,0,LARGE,4.0,5,
1376,23,WALK,EYE,7,1,LARGE,0.5,3,
1377,23,WALK,EYE,7,1,LARGE,1.0,8,
1378,23,WALK,EYE,7,1,LARGE,1.5,16,
1379,23,WALK,EYE,7,1,LARGE,2.0,17,
1380,23,WALK,EYE,7,1,LARGE,2.5,18,
1381,23,WALK,EYE,7,1,LARGE,3.0,5,
1382,23,WALK,EYE,7,1,LARGE,3.5,3,
1383,23,WALK,EYE,7,1,LARGE,4.0,3,
1384,23,WALK,EYE,7,2,LARGE,0.5,13,
1385,23,WALK,EYE,7,2,LARGE,1.0,11,
1386,23,WALK,EYE,7,2,LARGE,1.5,10,
1387,23,WALK,EYE,7,2,LARGE,2.0,10,
1388,23,WALK,EYE,7,2,LARGE,2.5,5,
1389,23,WALK,EYE,7,2,LARGE,3.0,4,
1390,23,WALK,EYE,7,2,LARGE,3.5,2,
1391,23,WALK,EYE,7,2,LARGE,4.0,3,
1392,23,WALK,EYE,7,3,LARGE,0.5,6,
1393,23,WALK,EYE,7,3,LARGE,1.0,17,
1394,23,WALK,EYE,7,3,LARGE,1.5,11,
1395,23,WALK,EYE,7,3,LARGE,2.0,11,
1396,23,WALK,EYE,7,3,LARGE,2.5,9,
1397,23,WALK,EYE,7,3,LARGE,3.0,3,
1398,23,WALK,EYE,7,3,LARGE,3.5,2,
1399,23,WALK,EYE,7,3,LARGE,4.0,1,
1400,23,WALK,EYE,7,4,LARGE,0.5,5,
1401,23,WALK,EYE,7,4,LARGE,1.0,7,
1402,23,WALK,EYE,7,4,LARGE,1.5,11,
1403,23,WALK,EYE,7,4,LARGE,2.0,16,
1404,23,WALK,EYE,7,4,LARGE,2.5,11,
1405,23,WALK,EYE,7,4,LARGE,3.0,7,
1406,23,WALK,EYE,7,4,LARGE,3.5,5,
1407,23,WALK,EYE,7,4,LARGE,4.0,3,
1408,23,WALK,EYE,7,5,LARGE,0.5,3,
1409,23,WALK,EYE,7,5,LARGE,1.0,11,
1410,23,WALK,EYE,7,5,LARGE,1.5,10,
1411,23,WALK,EYE,7,5,LARGE,2.0,11,
1412,23,WALK,EYE,7,5,LARGE,2.5,11,
1413,23,WALK,EYE,7,5,LARGE,3.0,7,
1414,23,WALK,EYE,7,5,LARGE,3.5,5,
1415,23,WALK,EYE,7,5,LARGE,4.0,9,
1416,23,WALK,EYE,7,6,LARGE,0.5,8,
1417,23,WALK,EYE,7,6,LARGE,1.0,17,
1418,23,WALK,EYE,7,6,LARGE,1.5,12,
1419,23,WALK,EYE,7,6,LARGE,2.0,9,
1420,23,WALK,EYE,7,6,LARGE,2.5,6,
1421,23,WALK,EYE,7,6,LARGE,3.0,4,
1422,23,WALK,EYE,7,6,LARGE,3.5,4,
1423,23,WALK,EYE,7,6,LARGE,4.0,3,
1424,23,WALK,EYE,7,7,LARGE,0.5,7,
1425,23,WALK,EYE,7,7,LARGE,1.0,13,
1426,23,WALK,EYE,7,7,LARGE,1.5,16,
1427,23,WALK,EYE,7,7,LARGE,2.0,16,
1428,23,WALK,EYE,7,7,LARGE,2.5,8,
1429,23,WALK,EYE,7,7,LARGE,3.0,6,
1430,23,WALK,EYE,7,7,LARGE,3.5,6,
1431,23,WALK,EYE,7,7,LARGE,4.0,3,
1432,23,WALK,EYE,7,8,LARGE,0.5,5,
1433,23,WALK,EYE,7,8,LARGE,1.0,11,
1434,23,WALK,EYE,7,8,LARGE,1.5,18,
1435,23,WALK,EYE,7,8,LARGE,2.0,14,
1436,23,WALK,EYE,7,8,LARGE,2.5,13,
1437,23,WALK,EYE,7,8,LARGE,3.0,4,
1438,23,WALK,EYE,7,8,LARGE,3.5,4,
1439,23,WALK,EYE,7,8,LARGE,4.0,2,
1440,23,STAND,EYE,8,0,SMALL,0.5,4,
1441,23,STAND,EYE,8,0,SMALL,1.0,1,
1442,23,STAND,EYE,8,0,SMALL,1.5,1,
1443,23,STAND,EYE,8,0,SMALL,2.0,1,
1444,23,STAND,EYE,8,0,SMALL,2.5,1,
1445,23,STAND,EYE,8,0,SMALL,3.0,1,
1446,23,STAND,EYE,8,0,SMALL,3.5,1,
1447,23,STAND,EYE,8,0,SMALL,4.0,1,
1448,23,STAND,EYE,8,1,SMALL,0.5,4,
1449,23,STAND,EYE,8,1,SMALL,1.0,5,
1450,23,STAND,EYE,8,1,SMALL,1.5,4,
1451,23,STAND,EYE,8,1,SMALL,2.0,1,
1452,23,STAND,EYE,8,1,SMALL,2.5,1,
1453,23,STAND,EYE,8,1,SMALL,3.0,1,
1454,23,STAND,EYE,8,1,SMALL,3.5,1,
1455,23,STAND,EYE,8,1,SMALL,4.0,1,
1456,23,STAND,EYE,8,2,SMALL,0.5,0,
1457,23,STAND,EYE,8,2,SMALL,1.0,4,
1458,23,STAND,EYE,8,2,SMALL,1.5,1,
1459,23,STAND,EYE,8,2,SMALL,2.0,1,
1460,23,STAND,EYE,8,2,SMALL,2.5,1,
1461,23,STAND,EYE,8,2,SMALL,3.0,1,
1462,23,STAND,EYE,8,2,SMALL,3.5,1,
1463,23,STAND,EYE,8,2,SMALL,4.0,1,
1464,23,STAND,EYE,8,3,SMALL,0.5,1,
1465,23,STAND,EYE,8,3,SMALL,1.0,4,
1466,23,STAND,EYE,8,3,SMALL,1.5,2,
1467,23,STAND,EYE,8,3,SMALL,2.0,1,
1468,23,STAND,EYE,8,3,SMALL,2.5,1,
1469,23,STAND,EYE,8,3,SMALL,3.0,1,
1470,23,STAND,EYE,8,3,SMALL,3.5,1,
1471,23,STAND,EYE,8,3,SMALL,4.0,1,
1472,23,STAND,EYE,8,4,SMALL,0.5,4,
1473,23,STAND,EYE,8,4,SMALL,1.0,2,
1474,23,STAND,EYE,8,4,SMALL,1.5,1,
1475,23,STAND,EYE,8,4,SMALL,2.0,1,
1476,23,STAND,EYE,8,4,SMALL,2.5,1,
1477,23,STAND,EYE,8,4,SMALL,3.0,1,
1478,23,STAND,EYE,8,4,SMALL,3.5,2,
1479,23,STAND,EYE,8,4,SMALL,4.0,2,
1480,23,STAND,EYE,8,5,SMALL,0.5,1,
1481,23,STAND,EYE,8,5,SMALL,1.0,3,
1482,23,STAND,EYE,8,5,SMALL,1.5,2,
1483,23,STAND,EYE,8,5,SMALL,2.0,2,
1484,23,STAND,EYE,8,5,SMALL,2.5,1,
1485,23,STAND,EYE,8,5,SMALL,3.0,1,
1486,23,STAND,EYE,8,5,SMALL,3.5,1,
1487,23,STAND,EYE,8,5,SMALL,4.0,1,
1488,23,STAND,EYE,8,6,SMALL,0.5,4,
1489,23,STAND,EYE,8,6,SMALL,1.0,3,
1490,23,STAND,EYE,8,6,SMALL,1.5,1,
1491,23,STAND,EYE,8,6,SMALL,2.0,1,
1492,23,STAND,EYE,8,6,SMALL,2.5,1,
1493,23,STAND,EYE,8,6,SMALL,3.0,1,
1494,23,STAND,EYE,8,6,SMALL,3.5,1,
1495,23,STAND,EYE,8,6,SMALL,4.0,1,
1496,23,STAND,EYE,8,7,SMALL,0.5,4,
1497,23,STAND,EYE,8,7,SMALL,1.0,1,
1498,23,STAND,EYE,8,7,SMALL,1.5,1,
1499,23,STAND,EYE,8,7,SMALL,2.0,1,
1500,23,STAND,EYE,8,7,SMALL,2.5,1,
1501,23,STAND,EYE,8,7,SMALL,3.0,1,
1502,23,STAND,EYE,8,7,SMALL,3.5,1,
1503,23,STAND,EYE,8,7,SMALL,4.0,1,
1504,23,STAND,EYE,8,8,SMALL,0.5,4,
1505,23,STAND,EYE,8,8,SMALL,1.0,4,
1506,23,STAND,EYE,8,8,SMALL,1.5,3,
1507,23,STAND,EYE,8,8,SMALL,2.0,2,
1508,23,STAND,EYE,8,8,SMALL,2.5,1,
1509,23,STAND,EYE,8,8,SMALL,3.0,1,
1510,23,STAND,EYE,8,8,SMALL,3.5,1,
1511,23,STAND,EYE,8,8,SMALL,4.0,1,
1512,23,WALK,EYE,8,0,SMALL,0.5,5,
1513,23,WALK,EYE,8,0,SMALL,1.0,11,
1514,23,WALK,EYE,8,0,SMALL,1.5,19,
1515,23,WALK,EYE,8,0,SMALL,2.0,10,
1516,23,WALK,EYE,8,0,SMALL,2.5,11,
1517,23,WALK,EYE,8,0,SMALL,3.0,11,
1518,23,WALK,EYE,8,0,SMALL,3.5,7,
1519,23,WALK,EYE,8,0,SMALL,4.0,5,
1520,23,WALK,EYE,8,1,SMALL,0.5,4,
1521,23,WALK,EYE,8,1,SMALL,1.0,16,
1522,23,WALK,EYE,8,1,SMALL,1.5,15,
1523,23,WALK,EYE,8,1,SMALL,2.0,13,
1524,23,WALK,EYE,8,1,SMALL,2.5,14,
1525,23,WALK,EYE,8,1,SMALL,3.0,11,
1526,23,WALK,EYE,8,1,SMALL,3.5,4,
1527,23,WALK,EYE,8,1,SMALL,4.0,2,
1528,23,WALK,EYE,8,2,SMALL,0.5,5,
1529,23,WALK,EYE,8,2,SMALL,1.0,15,
1530,23,WALK,EYE,8,2,SMALL,1.5,18,
1531,23,WALK,EYE,8,2,SMALL,2.0,11,
1532,23,WALK,EYE,8,2,SMALL,2.5,8,
1533,23,WALK,EYE,8,2,SMALL,3.0,8,
1534,23,WALK,EYE,8,2,SMALL,3.5,7,
1535,23,WALK,EYE,8,2,SMALL,4.0,5,
1536,23,WALK,EYE,8,3,SMALL,0.5,8,
1537,23,WALK,EYE,8,3,SMALL,1.0,14,
1538,23,WALK,EYE,8,3,SMALL,1.5,12,
1539,23,WALK,EYE,8,3,SMALL,2.0,12,
1540,23,WALK,EYE,8,3,SMALL,2.5,8,
1541,23,WALK,EYE,8,3,SMALL,3.0,7,
1542,23,WALK,EYE,8,3,SMALL,3.5,7,
1543,23,WALK,EYE,8,3,SMALL,4.0,5,
1544,23,WALK,EYE,8,4,SMALL,0.5,8,
1545,23,WALK,EYE,8,4,SMALL,1.0,10,
1546,23,WALK,EYE,8,4,SMALL,1.5,14,
1547,23,WALK,EYE,8,4,SMALL,2.0,14,
1548,23,WALK,EYE,8,4,SMALL,2.5,10,
1549,23,WALK,EYE,8,4,SMALL,3.0,9,
1550,23,WALK,EYE,8,4,SMALL,3.5,7,
1551,23,WALK,EYE,8,4,SMALL,4.0,5,
1552,23,WALK,EYE,8,5,SMALL,0.5,6,
1553,23,WALK,EYE,8,5,SMALL,1.0,20,
1554,23,WALK,EYE,8,5,SMALL,1.5,16,
1555,23,WALK,EYE,8,5,SMALL,2.0,15,
1556,23,WALK,EYE,8,5,SMALL,2.5,6,
1557,23,WALK,EYE,8,5,SMALL,3.0,6,
1558,23,WALK,EYE,8,5,SMALL,3.5,4,
1559,23,WALK,EYE,8,5,SMALL,4.0,2,
1560,23,WALK,EYE,8,6,SMALL,0.5,11,
1561,23,WALK,EYE,8,6,SMALL,1.0,20,
1562,23,WALK,EYE,8,6,SMALL,1.5,18,
1563,23,WALK,EYE,8,6,SMALL,2.0,7,
1564,23,WALK,EYE,8,6,SMALL,2.5,3,
1565,23,WALK,EYE,8,6,SMALL,3.0,3,
1566,23,WALK,EYE,8,6,SMALL,3.5,2,
1567,23,WALK,EYE,8,6,SMALL,4.0,1,
1568,23,WALK,EYE,8,7,SMALL,0.5,7,
1569,23,WALK,EYE,8,7,SMALL,1.0,12,
1570,23,WALK,EYE,8,7,SMALL,1.5,10,
1571,23,WALK,EYE,8,7,SMALL,2.0,12,
1572,23,WALK,EYE,8,7,SMALL,2.5,9,
1573,23,WALK,EYE,8,7,SMALL,3.0,6,
1574,23,WALK,EYE,8,7,SMALL,3.5,6,
1575,23,WALK,EYE,8,7,SMALL,4.0,7,
1576,23,WALK,EYE,8,8,SMALL,0.5,9,
1577,23,WALK,EYE,8,8,SMALL,1.0,16,
1578,23,WALK,EYE,8,8,SMALL,1.5,14,
1579,23,WALK,EYE,8,8,SMALL,2.0,13,
1580,23,WALK,EYE,8,8,SMALL,2.5,9,
1581,23,WALK,EYE,8,8,SMALL,3.0,3,
1582,23,WALK,EYE,8,8,SMALL,3.5,4,
1583,23,WALK,EYE,8,8,SMALL,4.0,3,
1584,23,STAND,EYE,9,0,LARGE,0.5,2,
1585,23,STAND,EYE,9,0,LARGE,1.0,2,
1586,23,STAND,EYE,9,0,LARGE,1.5,1,
1587,23,STAND,EYE,9,0,LARGE,2.0,1,
1588,23,STAND,EYE,9,0,LARGE,2.5,2,
1589,23,STAND,EYE,9,0,LARGE,3.0,1,
1590,23,STAND,EYE,9,0,LARGE,3.5,1,
1591,23,STAND,EYE,9,0,LARGE,4.0,1,
1592,23,STAND,EYE,9,1,LARGE,0.5,3,
1593,23,STAND,EYE,9,1,LARGE,1.0,3,
1594,23,STAND,EYE,9,1,LARGE,1.5,4,
1595,23,STAND,EYE,9,1,LARGE,2.0,2,
1596,23,STAND,EYE,9,1,LARGE,2.5,1,
1597,23,STAND,EYE,9,1,LARGE,3.0,1,
1598,23,STAND,EYE,9,1,LARGE,3.5,1,
1599,23,STAND,EYE,9,1,LARGE,4.0,1,
1600,23,STAND,EYE,9,2,LARGE,0.5,4,
1601,23,STAND,EYE,9,2,LARGE,1.0,2,
1602,23,STAND,EYE,9,2,LARGE,1.5,2,
1603,23,STAND,EYE,9,2,LARGE,2.0,1,
1604,23,STAND,EYE,9,2,LARGE,2.5,3,
1605,23,STAND,EYE,9,2,LARGE,3.0,3,
1606,23,STAND,EYE,9,2,LARGE,3.5,3,
1607,23,STAND,EYE,9,2,LARGE,4.0,4,
1608,23,STAND,EYE,9,3,LARGE,0.5,0,
1609,23,STAND,EYE,9,3,LARGE,1.0,4,
1610,23,STAND,EYE,9,3,LARGE,1.5,1,
1611,23,STAND,EYE,9,3,LARGE,2.0,1,
1612,23,STAND,EYE,9,3,LARGE,2.5,1,
1613,23,STAND,EYE,9,3,LARGE,3.0,1,
1614,23,STAND,EYE,9,3,LARGE,3.5,1,
1615,23,STAND,EYE,9,3,LARGE,4.0,1,
1616,23,STAND,EYE,9,4,LARGE,0.5,1,
1617,23,STAND,EYE,9,4,LARGE,1.0,2,
1618,23,STAND,EYE,9,4,LARGE,1.5,1,
1619,23,STAND,EYE,9,4,LARGE,2.0,1,
1620,23,STAND,EYE,9,4,LARGE,2.5,1,
1621,23,STAND,EYE,9,4,LARGE,3.0,1,
1622,23,STAND,EYE,9,4,LARGE,3.5,1,
1623,23,STAND,EYE,9,4,LARGE,4.0,1,
1624,23,STAND,EYE,9,5,LARGE,0.5,4,
1625,23,STAND,EYE,9,5,LARGE,1.0,5,
1626,23,STAND,EYE,9,5,LARGE,1.5,1,
1627,23,STAND,EYE,9,5,LARGE,2.0,1,
1628,23,STAND,EYE,9,5,LARGE,2.5,1,
1629,23,STAND,EYE,9,5,LARGE,3.0,1,
1630,23,STAND,EYE,9,5,LARGE,3.5,1,
1631,23,STAND,EYE,9,5,LARGE,4.0,2,
1632,23,STAND,EYE,9,6,LARGE,0.5,4,
1633,23,STAND,EYE,9,6,LARGE,1.0,1,
1634,23,STAND,EYE,9,6,LARGE,1.5,1,
1635,23,STAND,EYE,9,6,LARGE,2.0,1,
1636,23,STAND,EYE,9,6,LARGE,2.5,2,
1637,23,STAND,EYE,9,6,LARGE,3.0,1,
1638,23,STAND,EYE,9,6,LARGE,3.5,1,
1639,23,STAND,EYE,9,6,LARGE,4.0,1,
1640,23,STAND,EYE,9,7,LARGE,0.5,0,
1641,23,STAND,EYE,9,7,LARGE,1.0,3,
1642,23,STAND,EYE,9,7,LARGE,1.5,2,
1643,23,STAND,EYE,9,7,LARGE,2.0,1,
1644,23,STAND,EYE,9,7,LARGE,2.5,1,
1645,23,STAND,EYE,9,7,LARGE,3.0,1,
1646,23,STAND,EYE,9,7,LARGE,3.5,1,
1647,23,STAND,EYE,9,7,LARGE,4.0,1,
1648,23,STAND,EYE,9,8,LARGE,0.5,0,
1649,23,STAND,EYE,9,8,LARGE,1.0,9,
1650,23,STAND,EYE,9,8,LARGE,1.5,3,
1651,23,STAND,EYE,9,8,LARGE,2.0,1,
1652,23,STAND,EYE,9,8,LARGE,2.5,4,
1653,23,STAND,EYE,9,8,LARGE,3.0,1,
1654,23,STAND,EYE,9,8,LARGE,3.5,1,
1655,23,STAND,EYE,9,8,LARGE,4.0,1,
1656,23,WALK,EYE,9,0,LARGE,0.5,8,
1657,23,WALK,EYE,9,0,LARGE,1.0,18,
1658,23,WALK,EYE,9,0,LARGE,1.5,16,
1659,23,WALK,EYE,9,0,LARGE,2.0,16,
1660,23,WALK,EYE,9,0,LARGE,2.5,12,
1661,23,WALK,EYE,9,0,LARGE,3.0,7,
1662,23,WALK,EYE,9,0,LARGE,3.5,4,
1663,23,WALK,EYE,9,0,LARGE,4.0,1,
1664,23,WALK,EYE,9,1,LARGE,0.5,7,
1665,23,WALK,EYE,9,1,LARGE,1.0,11,
1666,23,WALK,EYE,9,1,LARGE,1.5,12,
1667,23,WALK,EYE,9,1,LARGE,2.0,11,
1668,23,WALK,EYE,9,1,LARGE,2.5,12,
1669,23,WALK,EYE,9,1,LARGE,3.0,12,
1670,23,WALK,EYE,9,1,LARGE,3.5,6,
1671,23,WALK,EYE,9,1,LARGE,4.0,4,
1672,23,WALK,EYE,9,2,LARGE,0.5,9,
1673,23,WALK,EYE,9,2,LARGE,1.0,23,
1674,23,WALK,EYE,9,2,LARGE,1.5,18,
1675,23,WALK,EYE,9,2,LARGE,2.0,11,
1676,23,WALK,EYE,9,2,LARGE,2.5,5,
1677,23,WALK,EYE,9,2,LARGE,3.0,5,
1678,23,WALK,EYE,9,2,LARGE,3.5,5,
1679,23,WALK,EYE,9,2,LARGE,4.0,2,
1680,23,WALK,EYE,9,3,LARGE,0.5,8,
1681,23,WALK,EYE,9,3,LARGE,1.0,16,
1682,23,WALK,EYE,9,3,LARGE,1.5,14,
1683,23,WALK,EYE,9,3,LARGE,2.0,16,
1684,23,WALK,EYE,9,3,LARGE,2.5,12,
1685,23,WALK,EYE,9,3,LARGE,3.0,4,
1686,23,WALK,EYE,9,3,LARGE,3.5,7,
1687,23,WALK,EYE,9,3,LARGE,4.0,4,
1688,23,WALK,EYE,9,4,LARGE,0.5,13,
1689,23,WALK,EYE,9,4,LARGE,1.0,16,
1690,23,WALK,EYE,9,4,LARGE,1.5,14,
1691,23,WALK,EYE,9,4,LARGE,2.0,9,
1692,23,WALK,EYE,9,4,LARGE,2.5,8,
1693,23,WALK,EYE,9,4,LARGE,3.0,7,
1694,23,WALK,EYE,9,4,LARGE,3.5,8,
1695,23,WALK,EYE,9,4,LARGE,4.0,6,
1696,23,WALK,EYE,9,5,LARGE,0.5,8,
1697,23,WALK,EYE,9,5,LARGE,1.0,19,
1698,23,WALK,EYE,9,5,LARGE,1.5,13,
1699,23,WALK,EYE,9,5,LARGE,2.0,13,
1700,23,WALK,EYE,9,5,LARGE,2.5,5,
1701,23,WALK,EYE,9,5,LARGE,3.0,4,
1702,23,WALK,EYE,9,5,LARGE,3.5,2,
1703,23,WALK,EYE,9,5,LARGE,4.0,2,
1704,23,WALK,EYE,9,6,LARGE,0.5,7,
1705,23,WALK,EYE,9,6,LARGE,1.0,12,
1706,23,WALK,EYE,9,6,LARGE,1.5,14,
1707,23,WALK,EYE,9,6,LARGE,2.0,11,
1708,23,WALK,EYE,9,6,LARGE,2.5,6,
1709,23,WALK,EYE,9,6,LARGE,3.0,7,
1710,23,WALK,EYE,9,6,LARGE,3.5,6,
1711,23,WALK,EYE,9,6,LARGE,4.0,7,
1712,23,WALK,EYE,9,7,LARGE,0.5,5,
1713,23,WALK,EYE,9,7,LARGE,1.0,11,
1714,23,WALK,EYE,9,7,LARGE,1.5,13,
1715,23,WALK,EYE,9,7,LARGE,2.0,16,
1716,23,WALK,EYE,9,7,LARGE,2.5,10,
1717,23,WALK,EYE,9,7,LARGE,3.0,10,
1718,23,WALK,EYE,9,7,LARGE,3.5,6,
1719,23,WALK,EYE,9,7,LARGE,4.0,6,
1720,23,WALK,EYE,9,8,LARGE,0.5,7,
1721,23,WALK,EYE,9,8,LARGE,1.0,13,
1722,23,WALK,EYE,9,8,LARGE,1.5,14,
1723,23,WALK,EYE,9,8,LARGE,2.0,14,
1724,23,WALK,EYE,9,8,LARGE,2.5,15,
1725,23,WALK,EYE,9,8,LARGE,3.0,5,
1726,23,WALK,EYE,9,8,LARGE,3.5,2,
1727,23,WALK,EYE,9,8,LARGE,4.0,1,
1728,23,STAND,HAND,4,0,SMALL,0.5,0,
1729,23,STAND,HAND,4,0,SMALL,1.0,0,
1730,23,STAND,HAND,4,0,SMALL,1.5,1,
1731,23,STAND,HAND,4,0,SMALL,2.0,1,
1732,23,STAND,HAND,4,0,SMALL,2.5,1,
1733,23,STAND,HAND,4,0,SMALL,3.0,1,
1734,23,STAND,HAND,4,0,SMALL,3.5,1,
1735,23,STAND,HAND,4,0,SMALL,4.0,1,
1736,23,STAND,HAND,4,1,SMALL,0.5,1,
1737,23,STAND,HAND,4,1,SMALL,1.0,1,
1738,23,STAND,HAND,4,1,SMALL,1.5,2,
1739,23,STAND,HAND,4,1,SMALL,2.0,2,
1740,23,STAND,HAND,4,1,SMALL,2.5,2,
1741,23,STAND,HAND,4,1,SMALL,3.0,1,
1742,23,STAND,HAND,4,1,SMALL,3.5,1,
1743,23,STAND,HAND,4,1,SMALL,4.0,1,
1744,23,STAND,HAND,4,2,SMALL,0.5,2,
1745,23,STAND,HAND,4,2,SMALL,1.0,2,
1746,23,STAND,HAND,4,2,SMALL,1.5,2,
1747,23,STAND,HAND,4,2,SMALL,2.0,2,
1748,23,STAND,HAND,4,2,SMALL,2.5,1,
1749,23,STAND,HAND,4,2,SMALL,3.0,1,
1750,23,STAND,HAND,4,2,SMALL,3.5,1,
1751,23,STAND,HAND,4,2,SMALL,4.0,1,
1752,23,STAND,HAND,4,3,SMALL,0.5,2,
1753,23,STAND,HAND,4,3,SMALL,1.0,4,
1754,23,STAND,HAND,4,3,SMALL,1.5,3,
1755,23,STAND,HAND,4,3,SMALL,2.0,2,
1756,23,STAND,HAND,4,3,SMALL,2.5,1,
1757,23,STAND,HAND,4,3,SMALL,3.0,1,
1758,23,STAND,HAND,4,3,SMALL,3.5,1,
1759,23,STAND,HAND,4,3,SMALL,4.0,1,
1760,23,STAND,HAND,4,4,SMALL,0.5,1,
1761,23,STAND,HAND,4,4,SMALL,1.0,2,
1762,23,STAND,HAND,4,4,SMALL,1.5,2,
1763,23,STAND,HAND,4,4,SMALL,2.0,1,
1764,23,STAND,HAND,4,4,SMALL,2.5,1,
1765,23,STAND,HAND,4,4,SMALL,3.0,1,
1766,23,STAND,HAND,4,4,SMALL,3.5,1,
1767,23,STAND,HAND,4,4,SMALL,4.0,1,
1768,23,STAND,HAND,4,5,SMALL,0.5,0,
1769,23,STAND,HAND,4,5,SMALL,1.0,0,
1770,23,STAND,HAND,4,5,SMALL,1.5,1,
1771,23,STAND,HAND,4,5,SMALL,2.0,1,
1772,23,STAND,HAND,4,5,SMALL,2.5,1,
1773,23,STAND,HAND,4,5,SMALL,3.0,1,
1774,23,STAND,HAND,4,5,SMALL,3.5,1,
1775,23,STAND,HAND,4,5,SMALL,4.0,1,
1776,23,STAND,HAND,4,6,SMALL,0.5,1,
1777,23,STAND,HAND,4,6,SMALL,1.0,2,
1778,23,STAND,HAND,4,6,SMALL,1.5,2,
1779,23,STAND,HAND,4,6,SMALL,2.0,1,
1780,23,STAND,HAND,4,6,SMALL,2.5,1,
1781,23,STAND,HAND,4,6,SMALL,3.0,1,
1782,23,STAND,HAND,4,6,SMALL,3.5,1,
1783,23,STAND,HAND,4,6,SMALL,4.0,1,
1784,23,STAND,HAND,4,7,SMALL,0.5,1,
1785,23,STAND,HAND,4,7,SMALL,1.0,2,
1786,23,STAND,HAND,4,7,SMALL,1.5,1,
1787,23,STAND,HAND,4,7,SMALL,2.0,1,
1788,23,STAND,HAND,4,7,SMALL,2.5,1,
1789,23,STAND,HAND,4,7,SMALL,3.0,1,
1790,23,STAND,HAND,4,7,SMALL,3.5,1,
1791,23,STAND,HAND,4,7,SMALL,4.0,1,
1792,23,STAND,HAND,4,8,SMALL,0.5,1,
1793,23,STAND,HAND,4,8,SMALL,1.0,2,
1794,23,STAND,HAND,4,8,SMALL,1.5,1,
1795,23,STAND,HAND,4,8,SMALL,2.0,1,
1796,23,STAND,HAND,4,8,SMALL,2.5,1,
1797,23,STAND,HAND,4,8,SMALL,3.0,1,
1798,23,STAND,HAND,4,8,SMALL,3.5,1,
1799,23,STAND,HAND,4,8,SMALL,4.0,1,
1800,23,WALK,HAND,4,0,SMALL,0.5,5,
1801,23,WALK,HAND,4,0,SMALL,1.0,6,
1802,23,WALK,HAND,4,0,SMALL,1.5,7,
1803,23,WALK,HAND,4,0,SMALL,2.0,9,
1804,23,WALK,HAND,4,0,SMALL,2.5,13,
1805,23,WALK,HAND,4,0,SMALL,3.0,10,
1806,23,WALK,HAND,4,0,SMALL,3.5,8,
1807,23,WALK,HAND,4,0,SMALL,4.0,8,
1808,23,WALK,HAND,4,1,SMALL,0.5,6,
1809,23,WALK,HAND,4,1,SMALL,1.0,5,
1810,23,WALK,HAND,4,1,SMALL,1.5,7,
1811,23,WALK,HAND,4,1,SMALL,2.0,11,
1812,23,WALK,HAND,4,1,SMALL,2.5,12,
1813,23,WALK,HAND,4,1,SMALL,3.0,10,
1814,23,WALK,HAND,4,1,SMALL,3.5,8,
1815,23,WALK,HAND,4,1,SMALL,4.0,8,
1816,23,WALK,HAND,4,2,SMALL,0.5,3,
1817,23,WALK,HAND,4,2,SMALL,1.0,8,
1818,23,WALK,HAND,4,2,SMALL,1.5,8,
1819,23,WALK,HAND,4,2,SMALL,2.0,11,
1820,23,WALK,HAND,4,2,SMALL,2.5,9,
1821,23,WALK,HAND,4,2,SMALL,3.0,8,
1822,23,WALK,HAND,4,2,SMALL,3.5,9,
1823,23,WALK,HAND,4,2,SMALL,4.0,4,
1824,23,WALK,HAND,4,3,SMALL,0.5,3,
1825,23,WALK,HAND,4,3,SMALL,1.0,8,
1826,23,WALK,HAND,4,3,SMALL,1.5,8,
1827,23,WALK,HAND,4,3,SMALL,2.0,8,
1828,23,WALK,HAND,4,3,SMALL,2.5,6,
1829,23,WALK,HAND,4,3,SMALL,3.0,8,
1830,23,WALK,HAND,4,3,SMALL,3.5,7,
1831,23,WALK,HAND,4,3,SMALL,4.0,6,
1832,23,WALK,HAND,4,4,SMALL,0.5,8,
1833,23,WALK,HAND,4,4,SMALL,1.0,9,
1834,23,WALK,HAND,4,4,SMALL,1.5,13,
1835,23,WALK,HAND,4,4,SMALL,2.0,12,
1836,23,WALK,HAND,4,4,SMALL,2.5,9,
1837,23,WALK,HAND,4,4,SMALL,3.0,9,
1838,23,WALK,HAND,4,4,SMALL,3.5,10,
1839,23,WALK,HAND,4,4,SMALL,4.0,8,
1840,23,WALK,HAND,4,5,SMALL,0.5,5,
1841,23,WALK,HAND,4,5,SMALL,1.0,9,
1842,23,WALK,HAND,4,5,SMALL,1.5,10,
1843,23,WALK,HAND,4,5,SMALL,2.0,10,
1844,23,WALK,HAND,4,5,SMALL,2.5,12,
1845,23,WALK,HAND,4,5,SMALL,3.0,10,
1846,23,WALK,HAND,4,5,SMALL,3.5,9,
1847,23,WALK,HAND,4,5,SMALL,4.0,10,
1848,23,WALK,HAND,4,6,SMALL,0.5,5,
1849,23,WALK,HAND,4,6,SMALL,1.0,8,
1850,23,WALK,HAND,4,6,SMALL,1.5,15,
1851,23,WALK,HAND,4,6,SMALL,2.0,18,
1852,23,WALK,HAND,4,6,SMALL,2.5,13,
1853,23,WALK,HAND,4,6,SMALL,3.0,10,
1854,23,WALK,HAND,4,6,SMALL,3.5,8,
1855,23,WALK,HAND,4,6,SMALL,4.0,5,
1856,23,WALK,HAND,4,7,SMALL,0.5,3,
1857,23,WALK,HAND,4,7,SMALL,1.0,8,
1858,23,WALK,HAND,4,7,SMALL,1.5,10,
1859,23,WALK,HAND,4,7,SMALL,2.0,9,
1860,23,WALK,HAND,4,7,SMALL,2.5,10,
1861,23,WALK,HAND,4,7,SMALL,3.0,7,
1862,23,WALK,HAND,4,7,SMALL,3.5,10,
1863,23,WALK,HAND,4,7,SMALL,4.0,8,
1864,23,WALK,HAND,4,8,SMALL,0.5,3,
1865,23,WALK,HAND,4,8,SMALL,1.0,3,
1866,23,WALK,HAND,4,8,SMALL,1.5,8,
1867,23,WALK,HAND,4,8,SMALL,2.0,5,
1868,23,WALK,HAND,4,8,SMALL,2.5,7,
1869,23,WALK,HAND,4,8,SMALL,3.0,8,
1870,23,WALK,HAND,4,8,SMALL,3.5,10,
1871,23,WALK,HAND,4,8,SMALL,4.0,7,
1872,23,STAND,HAND,5,0,LARGE,0.5,1,
1873,23,STAND,HAND,5,0,LARGE,1.0,1,
1874,23,STAND,HAND,5,0,LARGE,1.5,1,
1875,23,STAND,HAND,5,0,LARGE,2.0,1,
1876,23,STAND,HAND,5,0,LARGE,2.5,1,
1877,23,STAND,HAND,5,0,LARGE,3.0,1,
1878,23,STAND,HAND,5,0,LARGE,3.5,1,
1879,23,STAND,HAND,5,0,LARGE,4.0,1,
1880,23,STAND,HAND,5,1,LARGE,0.5,0,
1881,23,STAND,HAND,5,1,LARGE,1.0,1,
1882,23,STAND,HAND,5,1,LARGE,1.5,1,
1883,23,STAND,HAND,5,1,LARGE,2.0,1,
1884,23,STAND,HAND,5,1,LARGE,2.5,1,
1885,23,STAND,HAND,5,1,LARGE,3.0,1,
1886,23,STAND,HAND,5,1,LARGE,3.5,1,
1887,23,STAND,HAND,5,1,LARGE,4.0,1,
1888,23,STAND,HAND,5,2,LARGE,0.5,1,
1889,23,STAND,HAND,5,2,LARGE,1.0,1,
1890,23,STAND,HAND,5,2,LARGE,1.5,1,
1891,23,STAND,HAND,5,2,LARGE,2.0,1,
1892,23,STAND,HAND,5,2,LARGE,2.5,1,
1893,23,STAND,HAND,5,2,LARGE,3.0,1,
1894,23,STAND,HAND,5,2,LARGE,3.5,1,
1895,23,STAND,HAND,5,2,LARGE,4.0,1,
1896,23,STAND,HAND,5,3,LARGE,0.5,0,
1897,23,STAND,HAND,5,3,LARGE,1.0,1,
1898,23,STAND,HAND,5,3,LARGE,1.5,1,
1899,23,STAND,HAND,5,3,LARGE,2.0,1,
1900,23,STAND,HAND,5,3,LARGE,2.5,1,
1901,23,STAND,HAND,5,3,LARGE,3.0,1,
1902,23,STAND,HAND,5,3,LARGE,3.5,1,
1903,23,STAND,HAND,5,3,LARGE,4.0,1,
1904,23,STAND,HAND,5,4,LARGE,0.5,1,
1905,23,STAND,HAND,5,4,LARGE,1.0,1,
1906,23,STAND,HAND,5,4,LARGE,1.5,1,
1907,23,STAND,HAND,5,4,LARGE,2.0,1,
1908,23,STAND,HAND,5,4,LARGE,2.5,1,
1909,23,STAND,HAND,5,4,LARGE,3.0,1,
1910,23,STAND,HAND,5,4,LARGE,3.5,1,
1911,23,STAND,HAND,5,4,LARGE,4.0,1,
1912,23,STAND,HAND,5,5,LARGE,0.5,2,
1913,23,STAND,HAND,5,5,LARGE,1.0,1,
1914,23,STAND,HAND,5,5,LARGE,1.5,1,
1915,23,STAND,HAND,5,5,LARGE,2.0,1,
1916,23,STAND,HAND,5,5,LARGE,2.5,1,
1917,23,STAND,HAND,5,5,LARGE,3.0,1,
1918,23,STAND,HAND,5,5,LARGE,3.5,1,
1919,23,STAND,HAND,5,5,LARGE,4.0,1,
1920,23,STAND,HAND,5,6,LARGE,0.5,2,
1921,23,STAND,HAND,5,6,LARGE,1.0,1,
1922,23,STAND,HAND,5,6,LARGE,1.5,1,
1923,23,STAND,HAND,5,6,LARGE,2.0,1,
1924,23,STAND,HAND,5,6,LARGE,2.5,1,
1925,23,STAND,HAND,5,6,LARGE,3.0,1,
1926,23,STAND,HAND,5,6,LARGE,3.5,1,
1927,23,STAND,HAND,5,6,LARGE,4.0,1,
1928,23,STAND,HAND,5,7,LARGE,0.5,0,
1929,23,STAND,HAND,5,7,LARGE,1.0,1,
1930,23,STAND,HAND,5,7,LARGE,1.5,2,
1931,23,STAND,HAND,5,7,LARGE,2.0,1,
1932,23,STAND,HAND,5,7,LARGE,2.5,1,
1933,23,STAND,HAND,5,7,LARGE,3.0,1,
1934,23,STAND,HAND,5,7,LARGE,3.5,1,
1935,23,STAND,HAND,5,7,LARGE,4.0,1,
1936,23,STAND,HAND,5,8,LARGE,0.5,1,
1937,23,STAND,HAND,5,8,LARGE,1.0,1,
1938,23,STAND,HAND,5,8,LARGE,1.5,1,
1939,23,STAND,HAND,5,8,LARGE,2.0,1,
1940,23,STAND,HAND,5,8,LARGE,2.5,1,
1941,23,STAND,HAND,5,8,LARGE,3.0,1,
1942,23,STAND,HAND,5,8,LARGE,3.5,1,
1943,23,STAND,HAND,5,8,LARGE,4.0,1,
1944,23,WALK,HAND,5,0,LARGE,0.5,5,
1945,23,WALK,HAND,5,0,LARGE,1.0,8,
1946,23,WALK,HAND,5,0,LARGE,1.5,10,
1947,23,WALK,HAND,5,0,LARGE,2.0,7,
1948,23,WALK,HAND,5,0,LARGE,2.5,7,
1949,23,WALK,HAND,5,0,LARGE,3.0,7,
1950,23,WALK,HAND,5,0,LARGE,3.5,6,
1951,23,WALK,HAND,5,0,LARGE,4.0,5,
1952,23,WALK,HAND,5,1,LARGE,0.5,3,
1953,23,WALK,HAND,5,1,LARGE,1.0,5,
1954,23,WALK,HAND,5,1,LARGE,1.5,7,
1955,23,WALK,HAND,5,1,LARGE,2.0,8,
1956,23,WALK,HAND,5,1,LARGE,2.5,8,
1957,23,WALK,HAND,5,1,LARGE,3.0,9,
1958,23,WALK,HAND,5,1,LARGE,3.5,7,
1959,23,WALK,HAND,5,1,LARGE,4.0,5,
1960,23,WALK,HAND,5,2,LARGE,0.5,4,
1961,23,WALK,HAND,5,2,LARGE,1.0,5,
1962,23,WALK,HAND,5,2,LARGE,1.5,6,
1963,23,WALK,HAND,5,2,LARGE,2.0,8,
1964,23,WALK,HAND,5,2,LARGE,2.5,12,
1965,23,WALK,HAND,5,2,LARGE,3.0,11,
1966,23,WALK,HAND,5,2,LARGE,3.5,13,
1967,23,WALK,HAND,5,2,LARGE,4.0,9,
1968,23,WALK,HAND,5,3,LARGE,0.5,6,
1969,23,WALK,HAND,5,3,LARGE,1.0,9,
1970,23,WALK,HAND,5,3,LARGE,1.5,9,
1971,23,WALK,HAND,5,3,LARGE,2.0,9,
1972,23,WALK,HAND,5,3,LARGE,2.5,8,
1973,23,WALK,HAND,5,3,LARGE,3.0,4,
1974,23,WALK,HAND,5,3,LARGE,3.5,4,
1975,23,WALK,HAND,5,3,LARGE,4.0,5,
1976,23,WALK,HAND,5,4,LARGE,0.5,2,
1977,23,WALK,HAND,5,4,LARGE,1.0,7,
1978,23,WALK,HAND,5,4,LARGE,1.5,11,
1979,23,WALK,HAND,5,4,LARGE,2.0,11,
1980,23,WALK,HAND,5,4,LARGE,2.5,9,
1981,23,WALK,HAND,5,4,LARGE,3.0,9,
1982,23,WALK,HAND,5,4,LARGE,3.5,5,
1983,23,WALK,HAND,5,4,LARGE,4.0,6,
1984,23,WALK,HAND,5,5,LARGE,0.5,3,
1985,23,WALK,HAND,5,5,LARGE,1.0,6,
1986,23,WALK,HAND,5,5,LARGE,1.5,8,
1987,23,WALK,HAND,5,5,LARGE,2.0,11,
1988,23,WALK,HAND,5,5,LARGE,2.5,9,
1989,23,WALK,HAND,5,5,LARGE,3.0,12,
1990,23,WALK,HAND,5,5,LARGE,3.5,7,
1991,23,WALK,HAND,5,5,LARGE,4.0,8,
1992,23,WALK,HAND,5,6,LARGE,0.5,1,
1993,23,WALK,HAND,5,6,LARGE,1.0,7,
1994,23,WALK,HAND,5,6,LARGE,1.5,8,
1995,23,WALK,HAND,5,6,LARGE,2.0,9,
1996,23,WALK,HAND,5,6,LARGE,2.5,8,
1997,23,WALK,HAND,5,6,LARGE,3.0,8,
1998,23,WALK,HAND,5,6,LARGE,3.5,9,
1999,23,WALK,HAND,5,6,LARGE,4.0,6,
2000,23,WALK,HAND,5,7,LARGE,0.5,5,
2001,23,WALK,HAND,5,7,LARGE,1.0,6,
2002,23,WALK,HAND,5,7,LARGE,1.5,7,
2003,23,WALK,HAND,5,7,LARGE,2.0,7,
2004,23,WALK,HAND,5,7,LARGE,2.5,10,
2005,23,WALK,HAND,5,7,LARGE,3.0,9,
2006,23,WALK,HAND,5,7,LARGE,3.5,11,
2007,23,WALK,HAND,5,7,LARGE,4.0,7,
2008,23,WALK,HAND,5,8,LARGE,0.5,4,
2009,23,WALK,HAND,5,8,LARGE,1.0,5,
2010,23,WALK,HAND,5,8,LARGE,1.5,10,
2011,23,WALK,HAND,5,8,LARGE,2.0,8,
2012,23,WALK,HAND,5,8,LARGE,2.5,8,
2013,23,WALK,HAND,5,8,LARGE,3.0,8,
2014,23,WALK,HAND,5,8,LARGE,3.5,6,
2015,23,WALK,HAND,5,8,LARGE,4.0,5,
2016,23,STAND,HAND,6,0,SMALL,0.5,0,
2017,23,STAND,HAND,6,0,SMALL,1.0,1,
2018,23,STAND,HAND,6,0,SMALL,1.5,1,
2019,23,STAND,HAND,6,0,SMALL,2.0,1,
2020,23,STAND,HAND,6,0,SMALL,2.5,1,
2021,23,STAND,HAND,6,0,SMALL,3.0,1,
2022,23,STAND,HAND,6,0,SMALL,3.5,1,
2023,23,STAND,HAND,6,0,SMALL,4.0,1,
2024,23,STAND,HAND,6,1,SMALL,0.5,1,
2025,23,STAND,HAND,6,1,SMALL,1.0,1,
2026,23,STAND,HAND,6,1,SMALL,1.5,1,
2027,23,STAND,HAND,6,1,SMALL,2.0,1,
2028,23,STAND,HAND,6,1,SMALL,2.5,1,
2029,23,STAND,HAND,6,1,SMALL,3.0,1,
2030,23,STAND,HAND,6,1,SMALL,3.5,1,
2031,23,STAND,HAND,6,1,SMALL,4.0,1,
2032,23,STAND,HAND,6,2,SMALL,0.5,0,
2033,23,STAND,HAND,6,2,SMALL,1.0,2,
2034,23,STAND,HAND,6,2,SMALL,1.5,1,
2035,23,STAND,HAND,6,2,SMALL,2.0,1,
2036,23,STAND,HAND,6,2,SMALL,2.5,1,
2037,23,STAND,HAND,6,2,SMALL,3.0,1,
2038,23,STAND,HAND,6,2,SMALL,3.5,1,
2039,23,STAND,HAND,6,2,SMALL,4.0,1,
2040,23,STAND,HAND,6,3,SMALL,0.5,3,
2041,23,STAND,HAND,6,3,SMALL,1.0,1,
2042,23,STAND,HAND,6,3,SMALL,1.5,1,
2043,23,STAND,HAND,6,3,SMALL,2.0,1,
2044,23,STAND,HAND,6,3,SMALL,2.5,1,
2045,23,STAND,HAND,6,3,SMALL,3.0,1,
2046,23,STAND,HAND,6,3,SMALL,3.5,1,
2047,23,STAND,HAND,6,3,SMALL,4.0,1,
2048,23,STAND,HAND,6,4,SMALL,0.5,1,
2049,23,STAND,HAND,6,4,SMALL,1.0,2,
2050,23,STAND,HAND,6,4,SMALL,1.5,2,
2051,23,STAND,HAND,6,4,SMALL,2.0,2,
2052,23,STAND,HAND,6,4,SMALL,2.5,2,
2053,23,STAND,HAND,6,4,SMALL,3.0,1,
2054,23,STAND,HAND,6,4,SMALL,3.5,1,
2055,23,STAND,HAND,6,4,SMALL,4.0,1,
2056,23,STAND,HAND,6,5,SMALL,0.5,1,
2057,23,STAND,HAND,6,5,SMALL,1.0,1,
2058,23,STAND,HAND,6,5,SMALL,1.5,1,
2059,23,STAND,HAND,6,5,SMALL,2.0,1,
2060,23,STAND,HAND,6,5,SMALL,2.5,1,
2061,23,STAND,HAND,6,5,SMALL,3.0,1,
2062,23,STAND,HAND,6,5,SMALL,3.5,1,
2063,23,STAND,HAND,6,5,SMALL,4.0,1,
2064,23,STAND,HAND,6,6,SMALL,0.5,1,
2065,23,STAND,HAND,6,6,SMALL,1.0,1,
2066,23,STAND,HAND,6,6,SMALL,1.5,1,
2067,23,STAND,HAND,6,6,SMALL,2.0,1,
2068,23,STAND,HAND,6,6,SMALL,2.5,1,
2069,23,STAND,HAND,6,6,SMALL,3.0,1,
2070,23,STAND,HAND,6,6,SMALL,3.5,1,
2071,23,STAND,HAND,6,6,SMALL,4.0,1,
2072,23,STAND,HAND,6,7,SMALL,0.5,1,
2073,23,STAND,HAND,6,7,SMALL,1.0,1,
2074,23,STAND,HAND,6,7,SMALL,1.5,1,
2075,23,STAND,HAND,6,7,SMALL,2.0,1,
2076,23,STAND,HAND,6,7,SMALL,2.5,1,
2077,23,STAND,HAND,6,7,SMALL,3.0,1,
2078,23,STAND,HAND,6,7,SMALL,3.5,1,
2079,23,STAND,HAND,6,7,SMALL,4.0,1,
2080,23,STAND,HAND,6,8,SMALL,0.5,2,
2081,23,STAND,HAND,6,8,SMALL,1.0,2,
2082,23,STAND,HAND,6,8,SMALL,1.5,2,
2083,23,STAND,HAND,6,8,SMALL,2.0,1,
2084,23,STAND,HAND,6,8,SMALL,2.5,1,
2085,23,STAND,HAND,6,8,SMALL,3.0,1,
2086,23,STAND,HAND,6,8,SMALL,3.5,1,
2087,23,STAND,HAND,6,8,SMALL,4.0,1,
2088,23,WALK,HAND,6,0,SMALL,0.5,7,
2089,23,WALK,HAND,6,0,SMALL,1.0,7,
2090,23,WALK,HAND,6,0,SMALL,1.5,10,
2091,23,WALK,HAND,6,0,SMALL,2.0,7,
2092,23,WALK,HAND,6,0,SMALL,2.5,8,
2093,23,WALK,HAND,6,0,SMALL,3.0,11,
2094,23,WALK,HAND,6,0,SMALL,3.5,11,
2095,23,WALK,HAND,6,0,SMALL,4.0,9,
2096,23,WALK,HAND,6,1,SMALL,0.5,3,
2097,23,WALK,HAND,6,1,SMALL,1.0,5,
2098,23,WALK,HAND,6,1,SMALL,1.5,10,
2099,23,WALK,HAND,6,1,SMALL,2.0,8,
2100,23,WALK,HAND,6,1,SMALL,2.5,8,
2101,23,WALK,HAND,6,1,SMALL,3.0,9,
2102,23,WALK,HAND,6,1,SMALL,3.5,8,
2103,23,WALK,HAND,6,1,SMALL,4.0,12,
2104,23,WALK,HAND,6,2,SMALL,0.5,4,
2105,23,WALK,HAND,6,2,SMALL,1.0,8,
2106,23,WALK,HAND,6,2,SMALL,1.5,10,
2107,23,WALK,HAND,6,2,SMALL,2.0,7,
2108,23,WALK,HAND,6,2,SMALL,2.5,8,
2109,23,WALK,HAND,6,2,SMALL,3.0,9,
2110,23,WALK,HAND,6,2,SMALL,3.5,6,
2111,23,WALK,HAND,6,2,SMALL,4.0,4,
2112,23,WALK,HAND,6,3,SMALL,0.5,1,
2113,23,WALK,HAND,6,3,SMALL,1.0,1,
2114,23,WALK,HAND,6,3,SMALL,1.5,5,
2115,23,WALK,HAND,6,3,SMALL,2.0,9,
2116,23,WALK,HAND,6,3,SMALL,2.5,8,
2117,23,WALK,HAND,6,3,SMALL,3.0,9,
2118,23,WALK,HAND,6,3,SMALL,3.5,5,
2119,23,WALK,HAND,6,3,SMALL,4.0,5,
2120,23,WALK,HAND,6,4,SMALL,0.5,3,
2121,23,WALK,HAND,6,4,SMALL,1.0,5,
2122,23,WALK,HAND,6,4,SMALL,1.5,7,
2123,23,WALK,HAND,6,4,SMALL,2.0,11,
2124,23,WALK,HAND,6,4,SMALL,2.5,9,
2125,23,WALK,HAND,6,4,SMALL,3.0,9,
2126,23,WALK,HAND,6,4,SMALL,3.5,8,
2127,23,WALK,HAND,6,4,SMALL,4.0,6,
2128,23,WALK,HAND,6,5,SMALL,0.5,5,
2129,23,WALK,HAND,6,5,SMALL,1.0,9,
2130,23,WALK,HAND,6,5,SMALL,1.5,12,
2131,23,WALK,HAND,6,5,SMALL,2.0,11,
2132,23,WALK,HAND,6,5,SMALL,2.5,10,
2133,23,WALK,HAND,6,5,SMALL,3.0,9,
2134,23,WALK,HAND,6,5,SMALL,3.5,7,
2135,23,WALK,HAND,6,5,SMALL,4.0,6,
2136,23,WALK,HAND,6,6,SMALL,0.5,6,
2137,23,WALK,HAND,6,6,SMALL,1.0,7,
2138,23,WALK,HAND,6,6,SMALL,1.5,11,
2139,23,WALK,HAND,6,6,SMALL,2.0,10,
2140,23,WALK,HAND,6,6,SMALL,2.5,11,
2141,23,WALK,HAND,6,6,SMALL,3.0,10,
2142,23,WALK,HAND,6,6,SMALL,3.5,12,
2143,23,WALK,HAND,6,6,SMALL,4.0,14,
2144,23,WALK,HAND,6,7,SMALL,0.5,3,
2145,23,WALK,HAND,6,7,SMALL,1.0,5,
2146,23,WALK,HAND,6,7,SMALL,1.5,13,
2147,23,WALK,HAND,6,7,SMALL,2.0,14,
2148,23,WALK,HAND,6,7,SMALL,2.5,9,
2149,23,WALK,HAND,6,7,SMALL,3.0,9,
2150,23,WALK,HAND,6,7,SMALL,3.5,7,
2151,23,WALK,HAND,6,7,SMALL,4.0,6,
2152,23,WALK,HAND,6,8,SMALL,0.5,8,
2153,23,WALK,HAND,6,8,SMALL,1.0,8,
2154,23,WALK,HAND,6,8,SMALL,1.5,9,
2155,23,WALK,HAND,6,8,SMALL,2.0,11,
2156,23,WALK,HAND,6,8,SMALL,2.5,9,
2157,23,WALK,HAND,6,8,SMALL,3.0,10,
2158,23,WALK,HAND,6,8,SMALL,3.5,6,
2159,23,WALK,HAND,6,8,SMALL,4.0,4,
2160,23,STAND,HAND,7,0,LARGE,0.5,1,
2161,23,STAND,HAND,7,0,LARGE,1.0,3,
2162,23,STAND,HAND,7,0,LARGE,1.5,1,
2163,23,STAND,HAND,7,0,LARGE,2.0,1,
2164,23,STAND,HAND,7,0,LARGE,2.5,1,
2165,23,STAND,HAND,7,0,LARGE,3.0,1,
2166,23,STAND,HAND,7,0,LARGE,3.5,1,
2167,23,STAND,HAND,7,0,LARGE,4.0,1,
2168,23,STAND,HAND,7,1,LARGE,0.5,1,
2169,23,STAND,HAND,7,1,LARGE,1.0,1,
2170,23,STAND,HAND,7,1,LARGE,1.5,2,
2171,23,STAND,HAND,7,1,LARGE,2.0,2,
2172,23,STAND,HAND,7,1,LARGE,2.5,1,
2173,23,STAND,HAND,7,1,LARGE,3.0,1,
2174,23,STAND,HAND,7,1,LARGE,3.5,1,
2175,23,STAND,HAND,7,1,LARGE,4.0,1,
2176,23,STAND,HAND,7,2,LARGE,0.5,0,
2177,23,STAND,HAND,7,2,LARGE,1.0,2,
2178,23,STAND,HAND,7,2,LARGE,1.5,1,
2179,23,STAND,HAND,7,2,LARGE,2.0,1,
2180,23,STAND,HAND,7,2,LARGE,2.5,1,
2181,23,STAND,HAND,7,2,LARGE,3.0,1,
2182,23,STAND,HAND,7,2,LARGE,3.5,1,
2183,23,STAND,HAND,7,2,LARGE,4.0,1,
2184,23,STAND,HAND,7,3,LARGE,0.5,1,
2185,23,STAND,HAND,7,3,LARGE,1.0,1,
2186,23,STAND,HAND,7,3,LARGE,1.5,1,
2187,23,STAND,HAND,7,3,LARGE,2.0,1,
2188,23,STAND,HAND,7,3,LARGE,2.5,1,
2189,23,STAND,HAND,7,3,LARGE,3.0,1,
2190,23,STAND,HAND,7,3,LARGE,3.5,1,
2191,23,STAND,HAND,7,3,LARGE,4.0,1,
2192,23,STAND,HAND,7,4,LARGE,0.5,1,
2193,23,STAND,HAND,7,4,LARGE,1.0,1,
2194,23,STAND,HAND,7,4,LARGE,1.5,1,
2195,23,STAND,HAND,7,4,LARGE,2.0,1,
2196,23,STAND,HAND,7,4,LARGE,2.5,1,
2197,23,STAND,HAND,7,4,LARGE,3.0,1,
2198,23,STAND,HAND,7,4,LARGE,3.5,1,
2199,23,STAND,HAND,7,4,LARGE,4.0,1,
2200,23,STAND,HAND,7,5,LARGE,0.5,1,
2201,23,STAND,HAND,7,5,LARGE,1.0,1,
2202,23,STAND,HAND,7,5,LARGE,1.5,1,
2203,23,STAND,HAND,7,5,LARGE,2.0,1,
2204,23,STAND,HAND,7,5,LARGE,2.5,1,
2205,23,STAND,HAND,7,5,LARGE,3.0,1,
2206,23,STAND,HAND,7,5,LARGE,3.5,1,
2207,23,STAND,HAND,7,5,LARGE,4.0,1,
2208,23,STAND,HAND,7,6,LARGE,0.5,0,
2209,23,STAND,HAND,7,6,LARGE,1.0,2,
2210,23,STAND,HAND,7,6,LARGE,1.5,2,
2211,23,STAND,HAND,7,6,LARGE,2.0,2,
2212,23,STAND,HAND,7,6,LARGE,2.5,2,
2213,23,STAND,HAND,7,6,LARGE,3.0,2,
2214,23,STAND,HAND,7,6,LARGE,3.5,2,
2215,23,STAND,HAND,7,6,LARGE,4.0,1,
2216,23,STAND,HAND,7,7,LARGE,0.5,0,
2217,23,STAND,HAND,7,7,LARGE,1.0,1,
2218,23,STAND,HAND,7,7,LARGE,1.5,1,
2219,23,STAND,HAND,7,7,LARGE,2.0,1,
2220,23,STAND,HAND,7,7,LARGE,2.5,1,
2221,23,STAND,HAND,7,7,LARGE,3.0,1,
2222,23,STAND,HAND,7,7,LARGE,3.5,1,
2223,23,STAND,HAND,7,7,LARGE,4.0,1,
2224,23,STAND,HAND,7,8,LARGE,0.5,0,
2225,23,STAND,HAND,7,8,LARGE,1.0,1,
2226,23,STAND,HAND,7,8,LARGE,1.5,1,
2227,23,STAND,HAND,7,8,LARGE,2.0,1,
2228,23,STAND,HAND,7,8,LARGE,2.5,1,
2229,23,STAND,HAND,7,8,LARGE,3.0,1,
2230,23,STAND,HAND,7,8,LARGE,3.5,1,
2231,23,STAND,HAND,7,8,LARGE,4.0,1,
2232,23,WALK,HAND,7,0,LARGE,0.5,5,
2233,23,WALK,HAND,7,0,LARGE,1.0,8,
2234,23,WALK,HAND,7,0,LARGE,1.5,8,
2235,23,WALK,HAND,7,0,LARGE,2.0,7,
2236,23,WALK,HAND,7,0,LARGE,2.5,5,
2237,23,WALK,HAND,7,0,LARGE,3.0,8,
2238,23,WALK,HAND,7,0,LARGE,3.5,11,
2239,23,WALK,HAND,7,0,LARGE,4.0,7,
2240,23,WALK,HAND,7,1,LARGE,0.5,2,
2241,23,WALK,HAND,7,1,LARGE,1.0,4,
2242,23,WALK,HAND,7,1,LARGE,1.5,9,
2243,23,WALK,HAND,7,1,LARGE,2.0,9,
2244,23,WALK,HAND,7,1,LARGE,2.5,8,
2245,23,WALK,HAND,7,1,LARGE,3.0,9,
2246,23,WALK,HAND,7,1,LARGE,3.5,5,
2247,23,WALK,HAND,7,1,LARGE,4.0,3,
2248,23,WALK,HAND,7,2,LARGE,0.5,3,
2249,23,WALK,HAND,7,2,LARGE,1.0,4,
2250,23,WALK,HAND,7,2,LARGE,1.5,8,
2251,23,WALK,HAND,7,2,LARGE,2.0,9,
2252,23,WALK,HAND,7,2,LARGE,2.5,9,
2253,23,WALK,HAND,7,2,LARGE,3.0,8,
2254,23,WALK,HAND,7,2,LARGE,3.5,8,
2255,23,WALK,HAND,7,2,LARGE,4.0,7,
2256,23,WALK,HAND,7,3,LARGE,0.5,4,
2257,23,WALK,HAND,7,3,LARGE,1.0,6,
2258,23,WALK,HAND,7,3,LARGE,1.5,17,
2259,23,WALK,HAND,7,3,LARGE,2.0,13,
2260,23,WALK,HAND,7,3,LARGE,2.5,9,
2261,23,WALK,HAND,7,3,LARGE,3.0,6,
2262,23,WALK,HAND,7,3,LARGE,3.5,7,
2263,23,WALK,HAND,7,3,LARGE,4.0,4,
2264,23,WALK,HAND,7,4,LARGE,0.5,5,
2265,23,WALK,HAND,7,4,LARGE,1.0,6,
2266,23,WALK,HAND,7,4,LARGE,1.5,9,
2267,23,WALK,HAND,7,4,LARGE,2.0,8,
2268,23,WALK,HAND,7,4,LARGE,2.5,9,
2269,23,WALK,HAND,7,4,LARGE,3.0,8,
2270,23,WALK,HAND,7,4,LARGE,3.5,11,
2271,23,WALK,HAND,7,4,LARGE,4.0,10,
2272,23,WALK,HAND,7,5,LARGE,0.5,2,
2273,23,WALK,HAND,7,5,LARGE,1.0,5,
2274,23,WALK,HAND,7,5,LARGE,1.5,8,
2275,23,WALK,HAND,7,5,LARGE,2.0,12,
2276,23,WALK,HAND,7,5,LARGE,2.5,9,
2277,23,WALK,HAND,7,5,LARGE,3.0,11,
2278,23,WALK,HAND,7,5,LARGE,3.5,11,
2279,23,WALK,HAND,7,5,LARGE,4.0,6,
2280,23,WALK,HAND,7,6,LARGE,0.5,6,
2281,23,WALK,HAND,7,6,LARGE,1.0,11,
2282,23,WALK,HAND,7,6,LARGE,1.5,11,
2283,23,WALK,HAND,7,6,LARGE,2.0,9,
2284,23,WALK,HAND,7,6,LARGE,2.5,10,
2285,23,WALK,HAND,7,6,LARGE,3.0,9,
2286,23,WALK,HAND,7,6,LARGE,3.5,5,
2287,23,WALK,HAND,7,6,LARGE,4.0,5,
2288,23,WALK,HAND,7,7,LARGE,0.5,1,
2289,23,WALK,HAND,7,7,LARGE,1.0,6,
2290,23,WALK,HAND,7,7,LARGE,1.5,16,
2291,23,WALK,HAND,7,7,LARGE,2.0,12,
2292,23,WALK,HAND,7,7,LARGE,2.5,9,
2293,23,WALK,HAND,7,7,LARGE,3.0,9,
2294,23,WALK,HAND,7,7,LARGE,3.5,5,
2295,23,WALK,HAND,7,7,LARGE,4.0,4,
2296,23,WALK,HAND,7,8,LARGE,0.5,4,
2297,23,WALK,HAND,7,8,LARGE,1.0,12,
2298,23,WALK,HAND,7,8,LARGE,1.5,7,
2299,23,WALK,HAND,7,8,LARGE,2.0,6,
2300,23,WALK,HAND,7,8,LARGE,2.5,6,
2301,23,WALK,HAND,7,8,LARGE,3.0,8,
2302,23,WALK,HAND,7,8,LARGE,3.5,7,
2303,23,WALK,HAND,7,8,LARGE,4.0,4,
2304,23,STAND,HAND,8,0,SMALL,0.5,2,
2305,23,STAND,HAND,8,0,SMALL,1.0,1,
2306,23,STAND,HAND,8,0,SMALL,1.5,1,
2307,23,STAND,HAND,8,0,SMALL,2.0,1,
2308,23,STAND,HAND,8,0,SMALL,2.5,1,
2309,23,STAND,HAND,8,0,SMALL,3.0,1,
2310,23,STAND,HAND,8,0,SMALL,3.5,1,
2311,23,STAND,HAND,8,0,SMALL,4.0,1,
2312,23,STAND,HAND,8,1,SMALL,0.5,0,
2313,23,STAND,HAND,8,1,SMALL,1.0,1,
2314,23,STAND,HAND,8,1,SMALL,1.5,1,
2315,23,STAND,HAND,8,1,SMALL,2.0,1,
2316,23,STAND,HAND,8,1,SMALL,2.5,1,
2317,23,STAND,HAND,8,1,SMALL,3.0,1,
2318,23,STAND,HAND,8,1,SMALL,3.5,1,
2319,23,STAND,HAND,8,1,SMALL,4.0,1,
2320,23,STAND,HAND,8,2,SMALL,0.5,1,
2321,23,STAND,HAND,8,2,SMALL,1.0,2,
2322,23,STAND,HAND,8,2,SMALL,1.5,2,
2323,23,STAND,HAND,8,2,SMALL,2.0,2,
2324,23,STAND,HAND,8,2,SMALL,2.5,1,
2325,23,STAND,HAND,8,2,SMALL,3.0,1,
2326,23,STAND,HAND,8,2,SMALL,3.5,1,
2327,23,STAND,HAND,8,2,SMALL,4.0,1,
2328,23,STAND,HAND,8,3,SMALL,0.5,1,
2329,23,STAND,HAND,8,3,SMALL,1.0,1,
2330,23,STAND,HAND,8,3,SMALL,1.5,1,
2331,23,STAND,HAND,8,3,SMALL,2.0,1,
2332,23,STAND,HAND,8,3,SMALL,2.5,1,
2333,23,STAND,HAND,8,3,SMALL,3.0,1,
2334,23,STAND,HAND,8,3,SMALL,3.5,1,
2335,23,STAND,HAND,8,3,SMALL,4.0,1,
2336,23,STAND,HAND,8,4,SMALL,0.5,1,
2337,23,STAND,HAND,8,4,SMALL,1.0,1,
2338,23,STAND,HAND,8,4,SMALL,1.5,1,
2339,23,STAND,HAND,8,4,SMALL,2.0,1,
2340,23,STAND,HAND,8,4,SMALL,2.5,1,
2341,23,STAND,HAND,8,4,SMALL,3.0,1,
2342,23,STAND,HAND,8,4,SMALL,3.5,1,
2343,23,STAND,HAND,8,4,SMALL,4.0,1,
2344,23,STAND,HAND,8,5,SMALL,0.5,2,
2345,23,STAND,HAND,8,5,SMALL,1.0,2,
2346,23,STAND,HAND,8,5,SMALL,1.5,2,
2347,23,STAND,HAND,8,5,SMALL,2.0,1,
2348,23,STAND,HAND,8,5,SMALL,2.5,1,
2349,23,STAND,HAND,8,5,SMALL,3.0,1,
2350,23,STAND,HAND,8,5,SMALL,3.5,1,
2351,23,STAND,HAND,8,5,SMALL,4.0,1,
2352,23,STAND,HAND,8,6,SMALL,0.5,2,
2353,23,STAND,HAND,8,6,SMALL,1.0,1,
2354,23,STAND,HAND,8,6,SMALL,1.5,1,
2355,23,STAND,HAND,8,6,SMALL,2.0,1,
2356,23,STAND,HAND,8,6,SMALL,2.5,1,
2357,23,STAND,HAND,8,6,SMALL,3.0,1,
2358,23,STAND,HAND,8,6,SMALL,3.5,1,
2359,23,STAND,HAND,8,6,SMALL,4.0,1,
2360,23,STAND,HAND,8,7,SMALL,0.5,1,
2361,23,STAND,HAND,8,7,SMALL,1.0,1,
2362,23,STAND,HAND,8,7,SMALL,1.5,1,
2363,23,STAND,HAND,8,7,SMALL,2.0,1,
2364,23,STAND,HAND,8,7,SMALL,2.5,1,
2365,23,STAND,HAND,8,7,SMALL,3.0,1,
2366,23,STAND,HAND,8,7,SMALL,3.5,1,
2367,23,STAND,HAND,8,7,SMALL,4.0,1,
2368,23,STAND,HAND,8,8,SMALL,0.5,2,
2369,23,STAND,HAND,8,8,SMALL,1.0,2,
2370,23,STAND,HAND,8,8,SMALL,1.5,2,
2371,23,STAND,HAND,8,8,SMALL,2.0,2,
2372,23,STAND,HAND,8,8,SMALL,2.5,1,
2373,23,STAND,HAND,8,8,SMALL,3.0,1,
2374,23,STAND,HAND,8,8,SMALL,3.5,1,
2375,23,STAND,HAND,8,8,SMALL,4.0,1,
2376,23,WALK,HAND,8,0,SMALL,0.5,3,
2377,23,WALK,HAND,8,0,SMALL,1.0,7,
2378,23,WALK,HAND,8,0,SMALL,1.5,12,
2379,23,WALK,HAND,8,0,SMALL,2.0,15,
2380,23,WALK,HAND,8,0,SMALL,2.5,9,
2381,23,WALK,HAND,8,0,SMALL,3.0,11,
2382,23,WALK,HAND,8,0,SMALL,3.5,11,
2383,23,WALK,HAND,8,0,SMALL,4.0,7,
2384,23,WALK,HAND,8,1,SMALL,0.5,7,
2385,23,WALK,HAND,8,1,SMALL,1.0,11,
2386,23,WALK,HAND,8,1,SMALL,1.5,8,
2387,23,WALK,HAND,8,1,SMALL,2.0,10,
2388,23,WALK,HAND,8,1,SMALL,2.5,8,
2389,23,WALK,HAND,8,1,SMALL,3.0,9,
2390,23,WALK,HAND,8,1,SMALL,3.5,11,
2391,23,WALK,HAND,8,1,SMALL,4.0,6,
2392,23,WALK,HAND,8,2,SMALL,0.5,11,
2393,23,WALK,HAND,8,2,SMALL,1.0,6,
2394,23,WALK,HAND,8,2,SMALL,1.5,9,
2395,23,WALK,HAND,8,2,SMALL,2.0,11,
2396,23,WALK,HAND,8,2,SMALL,2.5,6,
2397,23,WALK,HAND,8,2,SMALL,3.0,8,
2398,23,WALK,HAND,8,2,SMALL,3.5,6,
2399,23,WALK,HAND,8,2,SMALL,4.0,2,
2400,23,WALK,HAND,8,3,SMALL,0.5,3,
2401,23,WALK,HAND,8,3,SMALL,1.0,7,
2402,23,WALK,HAND,8,3,SMALL,1.5,10,
2403,23,WALK,HAND,8,3,SMALL,2.0,9,
2404,23,WALK,HAND,8,3,SMALL,2.5,9,
2405,23,WALK,HAND,8,3,SMALL,3.0,5,
2406,23,WALK,HAND,8,3,SMALL,3.5,5,
2407,23,WALK,HAND,8,3,SMALL,4.0,5,
2408,23,WALK,HAND,8,4,SMALL,0.5,4,
2409,23,WALK,HAND,8,4,SMALL,1.0,7,
2410,23,WALK,HAND,8,4,SMALL,1.5,7,
2411,23,WALK,HAND,8,4,SMALL,2.0,6,
2412,23,WALK,HAND,8,4,SMALL,2.5,9,
2413,23,WALK,HAND,8,4,SMALL,3.0,5,
2414,23,WALK,HAND,8,4,SMALL,3.5,5,
2415,23,WALK,HAND,8,4,SMALL,4.0,8,
2416,23,WALK,HAND,8,5,SMALL,0.5,4,
2417,23,WALK,HAND,8,5,SMALL,1.0,7,
2418,23,WALK,HAND,8,5,SMALL,1.5,10,
2419,23,WALK,HAND,8,5,SMALL,2.0,11,
2420,23,WALK,HAND,8,5,SMALL,2.5,9,
2421,23,WALK,HAND,8,5,SMALL,3.0,11,
2422,23,WALK,HAND,8,5,SMALL,3.5,7,
2423,23,WALK,HAND,8,5,SMALL,4.0,7,
2424,23,WALK,HAND,8,6,SMALL,0.5,5,
2425,23,WALK,HAND,8,6,SMALL,1.0,10,
2426,23,WALK,HAND,8,6,SMALL,1.5,11,
2427,23,WALK,HAND,8,6,SMALL,2.0,12,
2428,23,WALK,HAND,8,6,SMALL,2.5,12,
2429,23,WALK,HAND,8,6,SMALL,3.0,6,
2430,23,WALK,HAND,8,6,SMALL,3.5,10,
2431,23,WALK,HAND,8,6,SMALL,4.0,6,
2432,23,WALK,HAND,8,7,SMALL,0.5,4,
2433,23,WALK,HAND,8,7,SMALL,1.0,9,
2434,23,WALK,HAND,8,7,SMALL,1.5,7,
2435,23,WALK,HAND,8,7,SMALL,2.0,8,
2436,23,WALK,HAND,8,7,SMALL,2.5,10,
2437,23,WALK,HAND,8,7,SMALL,3.0,9,
2438,23,WALK,HAND,8,7,SMALL,3.5,8,
2439,23,WALK,HAND,8,7,SMALL,4.0,9,
2440,23,WALK,HAND,8,8,SMALL,0.5,6,
2441,23,WALK,HAND,8,8,SMALL,1.0,12,
2442,23,WALK,HAND,8,8,SMALL,1.5,14,
2443,23,WALK,HAND,8,8,SMALL,2.0,10,
2444,23,WALK,HAND,8,8,SMALL,2.5,9,
2445,23,WALK,HAND,8,8,SMALL,3.0,5,
2446,23,WALK,HAND,8,8,SMALL,3.5,6,
2447,23,WALK,HAND,8,8,SMALL,4.0,5,
2448,23,STAND,HAND,9,0,LARGE,0.5,1,
2449,23,STAND,HAND,9,0,LARGE,1.0,1,
2450,23,STAND,HAND,9,0,LARGE,1.5,2,
2451,23,STAND,HAND,9,0,LARGE,2.0,2,
2452,23,STAND,HAND,9,0,LARGE,2.5,1,
2453,23,STAND,HAND,9,0,LARGE,3.0,1,
2454,23,STAND,HAND,9,0,LARGE,3.5,1,
2455,23,STAND,HAND,9,0,LARGE,4.0,1,
2456,23,STAND,HAND,9,1,LARGE,0.5,1,
2457,23,STAND,HAND,9,1,LARGE,1.0,1,
2458,23,STAND,HAND,9,1,LARGE,1.5,1,
2459,23,STAND,HAND,9,1,LARGE,2.0,1,
2460,23,STAND,HAND,9,1,LARGE,2.5,1,
2461,23,STAND,HAND,9,1,LARGE,3.0,1,
2462,23,STAND,HAND,9,1,LARGE,3.5,1,
2463,23,STAND,HAND,9,1,LARGE,4.0,1,
2464,23,STAND,HAND,9,2,LARGE,0.5,1,
2465,23,STAND,HAND,9,2,LARGE,1.0,1,
2466,23,STAND,HAND,9,2,LARGE,1.5,1,
2467,23,STAND,HAND,9,2,LARGE,2.0,1,
2468,23,STAND,HAND,9,2,LARGE,2.5,1,
2469,23,STAND,HAND,9,2,LARGE,3.0,1,
2470,23,STAND,HAND,9,2,LARGE,3.5,1,
2471,23,STAND,HAND,9,2,LARGE,4.0,1,
2472,23,STAND,HAND,9,3,LARGE,0.5,1,
2473,23,STAND,HAND,9,3,LARGE,1.0,1,
2474,23,STAND,HAND,9,3,LARGE,1.5,1,
2475,23,STAND,HAND,9,3,LARGE,2.0,1,
2476,23,STAND,HAND,9,3,LARGE,2.5,1,
2477,23,STAND,HAND,9,3,LARGE,3.0,1,
2478,23,STAND,HAND,9,3,LARGE,3.5,1,
2479,23,STAND,HAND,9,3,LARGE,4.0,1,
2480,23,STAND,HAND,9,4,LARGE,0.5,1,
2481,23,STAND,HAND,9,4,LARGE,1.0,1,
2482,23,STAND,HAND,9,4,LARGE,1.5,1,
2483,23,STAND,HAND,9,4,LARGE,2.0,1,
2484,23,STAND,HAND,9,4,LARGE,2.5,1,
2485,23,STAND,HAND,9,4,LARGE,3.0,1,
2486,23,STAND,HAND,9,4,LARGE,3.5,1,
2487,23,STAND,HAND,9,4,LARGE,4.0,1,
2488,23,STAND,HAND,9,5,LARGE,0.5,0,
2489,23,STAND,HAND,9,5,LARGE,1.0,1,
2490,23,STAND,HAND,9,5,LARGE,1.5,1,
2491,23,STAND,HAND,9,5,LARGE,2.0,1,
2492,23,STAND,HAND,9,5,LARGE,2.5,1,
2493,23,STAND,HAND,9,5,LARGE,3.0,1,
2494,23,STAND,HAND,9,5,LARGE,3.5,1,
2495,23,STAND,HAND,9,5,LARGE,4.0,1,
2496,23,STAND,HAND,9,6,LARGE,0.5,0,
2497,23,STAND,HAND,9,6,LARGE,1.0,1,
2498,23,STAND,HAND,9,6,LARGE,1.5,1,
2499,23,STAND,HAND,9,6,LARGE,2.0,1,
2500,23,STAND,HAND,9,6,LARGE,2.5,1,
2501,23,STAND,HAND,9,6,LARGE,3.0,1,
2502,23,STAND,HAND,9,6,LARGE,3.5,1,
2503,23,STAND,HAND,9,6,LARGE,4.0,1,
2504,23,STAND,HAND,9,7,LARGE,0.5,1,
2505,23,STAND,HAND,9,7,LARGE,1.0,2,
2506,23,STAND,HAND,9,7,LARGE,1.5,1,
2507,23,STAND,HAND,9,7,LARGE,2.0,1,
2508,23,STAND,HAND,9,7,LARGE,2.5,1,
2509,23,STAND,HAND,9,7,LARGE,3.0,1,
2510,23,STAND,HAND,9,7,LARGE,3.5,1,
2511,23,STAND,HAND,9,7,LARGE,4.0,1,
2512,23,STAND,HAND,9,8,LARGE,0.5,1,
2513,23,STAND,HAND,9,8,LARGE,1.0,1,
2514,23,STAND,HAND,9,8,LARGE,1.5,1,
2515,23,STAND,HAND,9,8,LARGE,2.0,1,
2516,23,STAND,HAND,9,8,LARGE,2.5,1,
2517,23,STAND,HAND,9,8,LARGE,3.0,1,
2518,23,STAND,HAND,9,8,LARGE,3.5,1,
2519,23,STAND,HAND,9,8,LARGE,4.0,1,
2520,23,WALK,HAND,9,0,LARGE,0.5,4,
2521,23,WALK,HAND,9,0,LARGE,1.0,13,
2522,23,WALK,HAND,9,0,LARGE,1.5,13,
2523,23,WALK,HAND,9,0,LARGE,2.0,15,
2524,23,WALK,HAND,9,0,LARGE,2.5,10,
2525,23,WALK,HAND,9,0,LARGE,3.0,8,
2526,23,WALK,HAND,9,0,LARGE,3.5,7,
2527,23,WALK,HAND,9,0,LARGE,4.0,6,
2528,23,WALK,HAND,9,1,LARGE,0.5,5,
2529,23,WALK,HAND,9,1,LARGE,1.0,6,
2530,23,WALK,HAND,9,1,LARGE,1.5,9,
2531,23,WALK,HAND,9,1,LARGE,2.0,10,
2532,23,WALK,HAND,9,1,LARGE,2.5,8,
2533,23,WALK,HAND,9,1,LARGE,3.0,9,
2534,23,WALK,HAND,9,1,LARGE,3.5,6,
2535,23,WALK,HAND,9,1,LARGE,4.0,8,
2536,23,WALK,HAND,9,2,LARGE,0.5,3,
2537,23,WALK,HAND,9,2,LARGE,1.0,10,
2538,23,WALK,HAND,9,2,LARGE,1.5,11,
2539,23,WALK,HAND,9,2,LARGE,2.0,7,
2540,23,WALK,HAND,9,2,LARGE,2.5,6,
2541,23,WALK,HAND,9,2,LARGE,3.0,4,
2542,23,WALK,HAND,9,2,LARGE,3.5,7,
2543,23,WALK,HAND,9,2,LARGE,4.0,5,
2544,23,WALK,HAND,9,3,LARGE,0.5,2,
2545,23,WALK,HAND,9,3,LARGE,1.0,5,
2546,23,WALK,HAND,9,3,LARGE,1.5,8,
2547,23,WALK,HAND,9,3,LARGE,2.0,7,
2548,23,WALK,HAND,9,3,LARGE,2.5,12,
2549,23,WALK,HAND,9,3,LARGE,3.0,7,
2550,23,WALK,HAND,9,3,LARGE,3.5,7,
2551,23,WALK,HAND,9,3,LARGE,4.0,7,
2552,23,WALK,HAND,9,4,LARGE,0.5,4,
2553,23,WALK,HAND,9,4,LARGE,1.0,7,
2554,23,WALK,HAND,9,4,LARGE,1.5,8,
2555,23,WALK,HAND,9,4,LARGE,2.0,10,
2556,23,WALK,HAND,9,4,LARGE,2.5,9,
2557,23,WALK,HAND,9,4,LARGE,3.0,9,
2558,23,WALK,HAND,9,4,LARGE,3.5,6,
2559,23,WALK,HAND,9,4,LARGE,4.0,6,
2560,23,WALK,HAND,9,5,LARGE,0.5,2,
2561,23,WALK,HAND,9,5,LARGE,1.0,8,
2562,23,WALK,HAND,9,5,LARGE,1.5,13,
2563,23,WALK,HAND,9,5,LARGE,2.0,10,
2564,23,WALK,HAND,9,5,LARGE,2.5,14,
2565,23,WALK,HAND,9,5,LARGE,3.0,6,
2566,23,WALK,HAND,9,5,LARGE,3.5,6,
2567,23,WALK,HAND,9,5,LARGE,4.0,6,
2568,23,WALK,HAND,9,6,LARGE,0.5,0,
2569,23,WALK,HAND,9,6,LARGE,1.0,5,
2570,23,WALK,HAND,9,6,LARGE,1.5,6,
2571,23,WALK,HAND,9,6,LARGE,2.0,10,
2572,23,WALK,HAND,9,6,LARGE,2.5,5,
2573,23,WALK,HAND,9,6,LARGE,3.0,9,
2574,23,WALK,HAND,9,6,LARGE,3.5,8,
2575,23,WALK,HAND,9,6,LARGE,4.0,6,
2576,23,WALK,HAND,9,7,LARGE,0.5,15,
2577,23,WALK,HAND,9,7,LARGE,1.0,13,
2578,23,WALK,HAND,9,7,LARGE,1.5,9,
2579,23,WALK,HAND,9,7,LARGE,2.0,12,
2580,23,WALK,HAND,9,7,LARGE,2.5,9,
2581,23,WALK,HAND,9,7,LARGE,3.0,10,
2582,23,WALK,HAND,9,7,LARGE,3.5,9,
2583,23,WALK,HAND,9,7,LARGE,4.0,8,
2584,23,WALK,HAND,9,8,LARGE,0.5,5,
2585,23,WALK,HAND,9,8,LARGE,1.0,3,
2586,23,WALK,HAND,9,8,LARGE,1.5,5,
2587,23,WALK,HAND,9,8,LARGE,2.0,5,
2588,23,WALK,HAND,9,8,LARGE,2.5,7,
2589,23,WALK,HAND,9,8,LARGE,3.0,8,
2590,23,WALK,HAND,9,8,LARGE,3.5,8,
2591,23,WALK,HAND,9,8,LARGE,4.0,8,
